utr,reference,amount,credit_date
UTR-NORM-1,STL-NORM-1,987,2026-09-04T10:00:00.000Z
UTR-NORM-2,STL-NORM-2,997,2026-09-04T10:00:00.000Z
UTR-NORM-3,STL-NORM-3,1007,2026-09-04T10:00:00.000Z
UTR-NORM-4,STL-NORM-4,1017,2026-09-04T10:00:00.000Z
UTR-NORM-5,STL-NORM-5,1026,2026-09-04T10:00:00.000Z
UTR-NORM-6,STL-NORM-6,1036,2026-09-04T10:00:00.000Z
UTR-NORM-7,STL-NORM-7,1046,2026-09-04T10:00:00.000Z
UTR-NORM-8,STL-NORM-8,1056,2026-09-04T10:00:00.000Z
UTR-NORM-9,STL-NORM-9,1066,2026-09-04T10:00:00.000Z
UTR-NORM-10,STL-NORM-10,1075,2026-09-04T10:00:00.000Z
UTR-NORM-11,STL-NORM-11,1085,2026-09-04T10:00:00.000Z
UTR-NORM-12,STL-NORM-12,1095,2026-09-04T10:00:00.000Z
UTR-NORM-13,STL-NORM-13,1105,2026-09-04T10:00:00.000Z
UTR-NORM-14,STL-NORM-14,1115,2026-09-04T10:00:00.000Z
UTR-NORM-15,STL-NORM-15,1123,2026-09-04T10:00:00.000Z
UTR-NORM-16,STL-NORM-16,1133,2026-09-04T10:00:00.000Z
UTR-NORM-17,STL-NORM-17,1143,2026-09-04T10:00:00.000Z
UTR-NORM-18,STL-NORM-18,1153,2026-09-04T10:00:00.000Z
UTR-NORM-19,STL-NORM-19,1163,2026-09-04T10:00:00.000Z
UTR-NORM-20,STL-NORM-20,1172,2026-09-04T10:00:00.000Z
UTR-NORM-21,STL-NORM-21,1182,2026-09-04T10:00:00.000Z
UTR-NORM-22,STL-NORM-22,1192,2026-09-04T10:00:00.000Z
UTR-NORM-23,STL-NORM-23,1202,2026-09-04T10:00:00.000Z
UTR-NORM-24,STL-NORM-24,1212,2026-09-04T10:00:00.000Z
UTR-NORM-25,STL-NORM-25,1221,2026-09-04T10:00:00.000Z
UTR-NORM-26,STL-NORM-26,1231,2026-09-04T10:00:00.000Z
UTR-NORM-27,STL-NORM-27,1241,2026-09-04T10:00:00.000Z
UTR-NORM-28,STL-NORM-28,1251,2026-09-04T10:00:00.000Z
UTR-NORM-29,STL-NORM-29,1261,2026-09-04T10:00:00.000Z
UTR-NORM-30,STL-NORM-30,1270,2026-09-04T10:00:00.000Z
UTR-NORM-31,STL-NORM-31,1280,2026-09-04T10:00:00.000Z
UTR-NORM-32,STL-NORM-32,1290,2026-09-04T10:00:00.000Z
UTR-NORM-33,STL-NORM-33,1300,2026-09-04T10:00:00.000Z
UTR-NORM-34,STL-NORM-34,1310,2026-09-04T10:00:00.000Z
UTR-NORM-35,STL-NORM-35,1319,2026-09-04T10:00:00.000Z
UTR-NORM-36,STL-NORM-36,1329,2026-09-04T10:00:00.000Z
UTR-NORM-37,STL-NORM-37,1339,2026-09-04T10:00:00.000Z
UTR-NORM-38,STL-NORM-38,1349,2026-09-04T10:00:00.000Z
UTR-NORM-39,STL-NORM-39,1359,2026-09-04T10:00:00.000Z
UTR-NORM-40,STL-NORM-40,1367,2026-09-04T10:00:00.000Z
UTR-NORM-41,STL-NORM-41,1377,2026-09-04T10:00:00.000Z
UTR-NORM-42,STL-NORM-42,1387,2026-09-04T10:00:00.000Z
UTR-NORM-43,STL-NORM-43,1397,2026-09-04T10:00:00.000Z
UTR-NORM-44,STL-NORM-44,1407,2026-09-04T10:00:00.000Z
UTR-NORM-45,STL-NORM-45,1416,2026-09-04T10:00:00.000Z
UTR-NORM-46,STL-NORM-46,1426,2026-09-04T10:00:00.000Z
UTR-NORM-47,STL-NORM-47,1436,2026-09-04T10:00:00.000Z
UTR-NORM-48,STL-NORM-48,1446,2026-09-04T10:00:00.000Z
UTR-NORM-49,STL-NORM-49,1456,2026-09-04T10:00:00.000Z
UTR-NORM-50,STL-NORM-50,1465,2026-09-04T10:00:00.000Z
UTR-NORM-51,STL-NORM-51,1475,2026-09-04T10:00:00.000Z
UTR-NORM-52,STL-NORM-52,1485,2026-09-04T10:00:00.000Z
UTR-NORM-53,STL-NORM-53,1495,2026-09-04T10:00:00.000Z
UTR-NORM-54,STL-NORM-54,1505,2026-09-04T10:00:00.000Z
UTR-NORM-55,STL-NORM-55,1514,2026-09-04T10:00:00.000Z
UTR-NORM-56,STL-NORM-56,1524,2026-09-04T10:00:00.000Z
UTR-NORM-57,STL-NORM-57,1534,2026-09-04T10:00:00.000Z
UTR-NORM-58,STL-NORM-58,1544,2026-09-04T10:00:00.000Z
UTR-NORM-59,STL-NORM-59,1554,2026-09-04T10:00:00.000Z
UTR-NORM-60,STL-NORM-60,1563,2026-09-04T10:00:00.000Z
UTR-NORM-61,STL-NORM-61,1573,2026-09-04T10:00:00.000Z
UTR-NORM-62,STL-NORM-62,1583,2026-09-04T10:00:00.000Z
UTR-NORM-63,STL-NORM-63,1593,2026-09-04T10:00:00.000Z
UTR-NORM-64,STL-NORM-64,1603,2026-09-04T10:00:00.000Z
UTR-NORM-65,STL-NORM-65,1612,2026-09-04T10:00:00.000Z
UTR-NORM-66,STL-NORM-66,1622,2026-09-04T10:00:00.000Z
UTR-NORM-67,STL-NORM-67,1632,2026-09-04T10:00:00.000Z
UTR-NORM-68,STL-NORM-68,1642,2026-09-04T10:00:00.000Z
UTR-NORM-69,STL-NORM-69,1652,2026-09-04T10:00:00.000Z
UTR-NORM-70,STL-NORM-70,1660,2026-09-04T10:00:00.000Z
UTR-NORM-71,STL-NORM-71,1670,2026-09-04T10:00:00.000Z
UTR-NORM-72,STL-NORM-72,1680,2026-09-04T10:00:00.000Z
UTR-NORM-73,STL-NORM-73,1690,2026-09-04T10:00:00.000Z
UTR-NORM-74,STL-NORM-74,1700,2026-09-04T10:00:00.000Z
UTR-NORM-75,STL-NORM-75,1709,2026-09-04T10:00:00.000Z
UTR-NORM-76,STL-NORM-76,1719,2026-09-04T10:00:00.000Z
UTR-NORM-77,STL-NORM-77,1729,2026-09-04T10:00:00.000Z
UTR-NORM-78,STL-NORM-78,1739,2026-09-04T10:00:00.000Z
UTR-NORM-79,STL-NORM-79,1749,2026-09-04T10:00:00.000Z
UTR-NORM-80,STL-NORM-80,1758,2026-09-04T10:00:00.000Z
UTR-NORM-81,STL-NORM-81,1768,2026-09-04T10:00:00.000Z
UTR-NORM-82,STL-NORM-82,1778,2026-09-04T10:00:00.000Z
UTR-NORM-83,STL-NORM-83,1788,2026-09-04T10:00:00.000Z
UTR-NORM-84,STL-NORM-84,1798,2026-09-04T10:00:00.000Z
UTR-NORM-85,STL-NORM-85,1807,2026-09-04T10:00:00.000Z
UTR-NORM-86,STL-NORM-86,1817,2026-09-04T10:00:00.000Z
UTR-NORM-87,STL-NORM-87,1827,2026-09-04T10:00:00.000Z
UTR-NORM-88,STL-NORM-88,1837,2026-09-04T10:00:00.000Z
UTR-NORM-89,STL-NORM-89,1847,2026-09-04T10:00:00.000Z
UTR-NORM-90,STL-NORM-90,1856,2026-09-04T10:00:00.000Z
UTR-NORM-91,STL-NORM-91,1866,2026-09-04T10:00:00.000Z
UTR-NORM-92,STL-NORM-92,1876,2026-09-04T10:00:00.000Z
UTR-NORM-93,STL-NORM-93,1886,2026-09-04T10:00:00.000Z
UTR-NORM-94,STL-NORM-94,1896,2026-09-04T10:00:00.000Z
UTR-NORM-95,STL-NORM-95,1904,2026-09-04T10:00:00.000Z
UTR-NORM-96,STL-NORM-96,1914,2026-09-04T10:00:00.000Z
UTR-NORM-97,STL-NORM-97,1924,2026-09-04T10:00:00.000Z
UTR-NORM-98,STL-NORM-98,1934,2026-09-04T10:00:00.000Z
UTR-NORM-99,STL-NORM-99,1944,2026-09-04T10:00:00.000Z
UTR-NORM-100,STL-NORM-100,977,2026-09-04T10:00:00.000Z
UTR-NORM-101,STL-NORM-101,987,2026-09-04T10:00:00.000Z
UTR-NORM-102,STL-NORM-102,997,2026-09-04T10:00:00.000Z
UTR-NORM-103,STL-NORM-103,1007,2026-09-04T10:00:00.000Z
UTR-NORM-104,STL-NORM-104,1017,2026-09-04T10:00:00.000Z
UTR-NORM-105,STL-NORM-105,1026,2026-09-04T10:00:00.000Z
UTR-NORM-106,STL-NORM-106,1036,2026-09-04T10:00:00.000Z
UTR-NORM-107,STL-NORM-107,1046,2026-09-04T10:00:00.000Z
UTR-NORM-108,STL-NORM-108,1056,2026-09-04T10:00:00.000Z
UTR-NORM-109,STL-NORM-109,1066,2026-09-04T10:00:00.000Z
UTR-NORM-110,STL-NORM-110,1075,2026-09-04T10:00:00.000Z
UTR-NORM-111,STL-NORM-111,1085,2026-09-04T10:00:00.000Z
UTR-NORM-112,STL-NORM-112,1095,2026-09-04T10:00:00.000Z
UTR-NORM-113,STL-NORM-113,1105,2026-09-04T10:00:00.000Z
UTR-NORM-114,STL-NORM-114,1115,2026-09-04T10:00:00.000Z
UTR-NORM-115,STL-NORM-115,1123,2026-09-04T10:00:00.000Z
UTR-NORM-116,STL-NORM-116,1133,2026-09-04T10:00:00.000Z
UTR-NORM-117,STL-NORM-117,1143,2026-09-04T10:00:00.000Z
UTR-NORM-118,STL-NORM-118,1153,2026-09-04T10:00:00.000Z
UTR-NORM-119,STL-NORM-119,1163,2026-09-04T10:00:00.000Z
UTR-NORM-120,STL-NORM-120,1172,2026-09-04T10:00:00.000Z
UTR-NORM-121,STL-NORM-121,1182,2026-09-04T10:00:00.000Z
UTR-NORM-122,STL-NORM-122,1192,2026-09-04T10:00:00.000Z
UTR-NORM-123,STL-NORM-123,1202,2026-09-04T10:00:00.000Z
UTR-NORM-124,STL-NORM-124,1212,2026-09-04T10:00:00.000Z
UTR-NORM-125,STL-NORM-125,1221,2026-09-04T10:00:00.000Z
UTR-NORM-126,STL-NORM-126,1231,2026-09-04T10:00:00.000Z
UTR-NORM-127,STL-NORM-127,1241,2026-09-04T10:00:00.000Z
UTR-NORM-128,STL-NORM-128,1251,2026-09-04T10:00:00.000Z
UTR-NORM-129,STL-NORM-129,1261,2026-09-04T10:00:00.000Z
UTR-NORM-130,STL-NORM-130,1270,2026-09-04T10:00:00.000Z
UTR-NORM-131,STL-NORM-131,1280,2026-09-04T10:00:00.000Z
UTR-NORM-132,STL-NORM-132,1290,2026-09-04T10:00:00.000Z
UTR-NORM-133,STL-NORM-133,1300,2026-09-04T10:00:00.000Z
UTR-NORM-134,STL-NORM-134,1310,2026-09-04T10:00:00.000Z
UTR-NORM-135,STL-NORM-135,1319,2026-09-04T10:00:00.000Z
UTR-NORM-136,STL-NORM-136,1329,2026-09-04T10:00:00.000Z
UTR-NORM-137,STL-NORM-137,1339,2026-09-04T10:00:00.000Z
UTR-NORM-138,STL-NORM-138,1349,2026-09-04T10:00:00.000Z
UTR-NORM-139,STL-NORM-139,1359,2026-09-04T10:00:00.000Z
UTR-NORM-140,STL-NORM-140,1367,2026-09-04T10:00:00.000Z
UTR-NORM-141,STL-NORM-141,1377,2026-09-04T10:00:00.000Z
UTR-NORM-142,STL-NORM-142,1387,2026-09-04T10:00:00.000Z
UTR-NORM-143,STL-NORM-143,1397,2026-09-04T10:00:00.000Z
UTR-NORM-144,STL-NORM-144,1407,2026-09-04T10:00:00.000Z
UTR-NORM-145,STL-NORM-145,1416,2026-09-04T10:00:00.000Z
UTR-NORM-146,STL-NORM-146,1426,2026-09-04T10:00:00.000Z
UTR-NORM-147,STL-NORM-147,1436,2026-09-04T10:00:00.000Z
UTR-NORM-148,STL-NORM-148,1446,2026-09-04T10:00:00.000Z
UTR-NORM-149,STL-NORM-149,1456,2026-09-04T10:00:00.000Z
UTR-NORM-150,STL-NORM-150,1465,2026-09-04T10:00:00.000Z
UTR-NORM-151,STL-NORM-151,1475,2026-09-04T10:00:00.000Z
UTR-NORM-152,STL-NORM-152,1485,2026-09-04T10:00:00.000Z
UTR-NORM-153,STL-NORM-153,1495,2026-09-04T10:00:00.000Z
UTR-NORM-154,STL-NORM-154,1505,2026-09-04T10:00:00.000Z
UTR-NORM-155,STL-NORM-155,1514,2026-09-04T10:00:00.000Z
UTR-NORM-156,STL-NORM-156,1524,2026-09-04T10:00:00.000Z
UTR-NORM-157,STL-NORM-157,1534,2026-09-04T10:00:00.000Z
UTR-NORM-158,STL-NORM-158,1544,2026-09-04T10:00:00.000Z
UTR-NORM-159,STL-NORM-159,1554,2026-09-04T10:00:00.000Z
UTR-NORM-160,STL-NORM-160,1563,2026-09-04T10:00:00.000Z
UTR-NORM-161,STL-NORM-161,1573,2026-09-04T10:00:00.000Z
UTR-NORM-162,STL-NORM-162,1583,2026-09-04T10:00:00.000Z
UTR-NORM-163,STL-NORM-163,1593,2026-09-04T10:00:00.000Z
UTR-NORM-164,STL-NORM-164,1603,2026-09-04T10:00:00.000Z
UTR-NORM-165,STL-NORM-165,1612,2026-09-04T10:00:00.000Z
UTR-NORM-166,STL-NORM-166,1622,2026-09-04T10:00:00.000Z
UTR-NORM-167,STL-NORM-167,1632,2026-09-04T10:00:00.000Z
UTR-NORM-168,STL-NORM-168,1642,2026-09-04T10:00:00.000Z
UTR-NORM-169,STL-NORM-169,1652,2026-09-04T10:00:00.000Z
UTR-NORM-170,STL-NORM-170,1660,2026-09-04T10:00:00.000Z
UTR-NORM-171,STL-NORM-171,1670,2026-09-04T10:00:00.000Z
UTR-NORM-172,STL-NORM-172,1680,2026-09-04T10:00:00.000Z
UTR-NORM-173,STL-NORM-173,1690,2026-09-04T10:00:00.000Z
UTR-NORM-174,STL-NORM-174,1700,2026-09-04T10:00:00.000Z
UTR-NORM-175,STL-NORM-175,1709,2026-09-04T10:00:00.000Z
UTR-NORM-176,STL-NORM-176,1719,2026-09-04T10:00:00.000Z
UTR-NORM-177,STL-NORM-177,1729,2026-09-04T10:00:00.000Z
UTR-NORM-178,STL-NORM-178,1739,2026-09-04T10:00:00.000Z
UTR-NORM-179,STL-NORM-179,1749,2026-09-04T10:00:00.000Z
UTR-NORM-180,STL-NORM-180,1758,2026-09-04T10:00:00.000Z
UTR-NORM-181,STL-NORM-181,1768,2026-09-04T10:00:00.000Z
UTR-NORM-182,STL-NORM-182,1778,2026-09-04T10:00:00.000Z
UTR-NORM-183,STL-NORM-183,1788,2026-09-04T10:00:00.000Z
UTR-NORM-184,STL-NORM-184,1798,2026-09-04T10:00:00.000Z
UTR-NORM-185,STL-NORM-185,1807,2026-09-04T10:00:00.000Z
UTR-NORM-186,STL-NORM-186,1817,2026-09-04T10:00:00.000Z
UTR-NORM-187,STL-NORM-187,1827,2026-09-04T10:00:00.000Z
UTR-NORM-188,STL-NORM-188,1837,2026-09-04T10:00:00.000Z
UTR-NORM-189,STL-NORM-189,1847,2026-09-04T10:00:00.000Z
UTR-NORM-190,STL-NORM-190,1856,2026-09-04T10:00:00.000Z
UTR-NORM-191,STL-NORM-191,1866,2026-09-04T10:00:00.000Z
UTR-NORM-192,STL-NORM-192,1876,2026-09-04T10:00:00.000Z
UTR-NORM-193,STL-NORM-193,1886,2026-09-04T10:00:00.000Z
UTR-NORM-194,STL-NORM-194,1896,2026-09-04T10:00:00.000Z
UTR-NORM-195,STL-NORM-195,1904,2026-09-04T10:00:00.000Z
UTR-NORM-196,STL-NORM-196,1914,2026-09-04T10:00:00.000Z
UTR-NORM-197,STL-NORM-197,1924,2026-09-04T10:00:00.000Z
UTR-NORM-198,STL-NORM-198,1934,2026-09-04T10:00:00.000Z
UTR-NORM-199,STL-NORM-199,1944,2026-09-04T10:00:00.000Z
UTR-NORM-200,STL-NORM-200,977,2026-09-04T10:00:00.000Z
UTR-NORM-201,STL-NORM-201,987,2026-09-04T10:00:00.000Z
UTR-NORM-202,STL-NORM-202,997,2026-09-04T10:00:00.000Z
UTR-NORM-203,STL-NORM-203,1007,2026-09-04T10:00:00.000Z
UTR-NORM-204,STL-NORM-204,1017,2026-09-04T10:00:00.000Z
UTR-NORM-205,STL-NORM-205,1026,2026-09-04T10:00:00.000Z
UTR-NORM-206,STL-NORM-206,1036,2026-09-04T10:00:00.000Z
UTR-NORM-207,STL-NORM-207,1046,2026-09-04T10:00:00.000Z
UTR-NORM-208,STL-NORM-208,1056,2026-09-04T10:00:00.000Z
UTR-NORM-209,STL-NORM-209,1066,2026-09-04T10:00:00.000Z
UTR-NORM-210,STL-NORM-210,1075,2026-09-04T10:00:00.000Z
UTR-NORM-211,STL-NORM-211,1085,2026-09-04T10:00:00.000Z
UTR-NORM-212,STL-NORM-212,1095,2026-09-04T10:00:00.000Z
UTR-NORM-213,STL-NORM-213,1105,2026-09-04T10:00:00.000Z
UTR-NORM-214,STL-NORM-214,1115,2026-09-04T10:00:00.000Z
UTR-NORM-215,STL-NORM-215,1123,2026-09-04T10:00:00.000Z
UTR-NORM-216,STL-NORM-216,1133,2026-09-04T10:00:00.000Z
UTR-NORM-217,STL-NORM-217,1143,2026-09-04T10:00:00.000Z
UTR-NORM-218,STL-NORM-218,1153,2026-09-04T10:00:00.000Z
UTR-NORM-219,STL-NORM-219,1163,2026-09-04T10:00:00.000Z
UTR-NORM-220,STL-NORM-220,1172,2026-09-04T10:00:00.000Z
UTR-NORM-221,STL-NORM-221,1182,2026-09-04T10:00:00.000Z
UTR-NORM-222,STL-NORM-222,1192,2026-09-04T10:00:00.000Z
UTR-NORM-223,STL-NORM-223,1202,2026-09-04T10:00:00.000Z
UTR-NORM-224,STL-NORM-224,1212,2026-09-04T10:00:00.000Z
UTR-NORM-225,STL-NORM-225,1221,2026-09-04T10:00:00.000Z
UTR-NORM-226,STL-NORM-226,1231,2026-09-04T10:00:00.000Z
UTR-NORM-227,STL-NORM-227,1241,2026-09-04T10:00:00.000Z
UTR-NORM-228,STL-NORM-228,1251,2026-09-04T10:00:00.000Z
UTR-NORM-229,STL-NORM-229,1261,2026-09-04T10:00:00.000Z
UTR-NORM-230,STL-NORM-230,1270,2026-09-04T10:00:00.000Z
UTR-NORM-231,STL-NORM-231,1280,2026-09-04T10:00:00.000Z
UTR-NORM-232,STL-NORM-232,1290,2026-09-04T10:00:00.000Z
UTR-NORM-233,STL-NORM-233,1300,2026-09-04T10:00:00.000Z
UTR-NORM-234,STL-NORM-234,1310,2026-09-04T10:00:00.000Z
UTR-NORM-235,STL-NORM-235,1319,2026-09-04T10:00:00.000Z
UTR-NORM-236,STL-NORM-236,1329,2026-09-04T10:00:00.000Z
UTR-NORM-237,STL-NORM-237,1339,2026-09-04T10:00:00.000Z
UTR-NORM-238,STL-NORM-238,1349,2026-09-04T10:00:00.000Z
UTR-NORM-239,STL-NORM-239,1359,2026-09-04T10:00:00.000Z
UTR-NORM-240,STL-NORM-240,1367,2026-09-04T10:00:00.000Z
UTR-NORM-241,STL-NORM-241,1377,2026-09-04T10:00:00.000Z
UTR-NORM-242,STL-NORM-242,1387,2026-09-04T10:00:00.000Z
UTR-NORM-243,STL-NORM-243,1397,2026-09-04T10:00:00.000Z
UTR-NORM-244,STL-NORM-244,1407,2026-09-04T10:00:00.000Z
UTR-NORM-245,STL-NORM-245,1416,2026-09-04T10:00:00.000Z
UTR-NORM-246,STL-NORM-246,1426,2026-09-04T10:00:00.000Z
UTR-NORM-247,STL-NORM-247,1436,2026-09-04T10:00:00.000Z
UTR-NORM-248,STL-NORM-248,1446,2026-09-04T10:00:00.000Z
UTR-NORM-249,STL-NORM-249,1456,2026-09-04T10:00:00.000Z
UTR-NORM-250,STL-NORM-250,1465,2026-09-04T10:00:00.000Z
UTR-NORM-251,STL-NORM-251,1475,2026-09-04T10:00:00.000Z
UTR-NORM-252,STL-NORM-252,1485,2026-09-04T10:00:00.000Z
UTR-NORM-253,STL-NORM-253,1495,2026-09-04T10:00:00.000Z
UTR-NORM-254,STL-NORM-254,1505,2026-09-04T10:00:00.000Z
UTR-NORM-255,STL-NORM-255,1514,2026-09-04T10:00:00.000Z
UTR-NORM-256,STL-NORM-256,1524,2026-09-04T10:00:00.000Z
UTR-NORM-257,STL-NORM-257,1534,2026-09-04T10:00:00.000Z
UTR-NORM-258,STL-NORM-258,1544,2026-09-04T10:00:00.000Z
UTR-NORM-259,STL-NORM-259,1554,2026-09-04T10:00:00.000Z
UTR-NORM-260,STL-NORM-260,1563,2026-09-04T10:00:00.000Z
UTR-NORM-261,STL-NORM-261,1573,2026-09-04T10:00:00.000Z
UTR-NORM-262,STL-NORM-262,1583,2026-09-04T10:00:00.000Z
UTR-NORM-263,STL-NORM-263,1593,2026-09-04T10:00:00.000Z
UTR-NORM-264,STL-NORM-264,1603,2026-09-04T10:00:00.000Z
UTR-NORM-265,STL-NORM-265,1612,2026-09-04T10:00:00.000Z
UTR-NORM-266,STL-NORM-266,1622,2026-09-04T10:00:00.000Z
UTR-NORM-267,STL-NORM-267,1632,2026-09-04T10:00:00.000Z
UTR-NORM-268,STL-NORM-268,1642,2026-09-04T10:00:00.000Z
UTR-NORM-269,STL-NORM-269,1652,2026-09-04T10:00:00.000Z
UTR-NORM-270,STL-NORM-270,1660,2026-09-04T10:00:00.000Z
UTR-NORM-271,STL-NORM-271,1670,2026-09-04T10:00:00.000Z
UTR-NORM-272,STL-NORM-272,1680,2026-09-04T10:00:00.000Z
UTR-NORM-273,STL-NORM-273,1690,2026-09-04T10:00:00.000Z
UTR-NORM-274,STL-NORM-274,1700,2026-09-04T10:00:00.000Z
UTR-NORM-275,STL-NORM-275,1709,2026-09-04T10:00:00.000Z
UTR-NORM-276,STL-NORM-276,1719,2026-09-04T10:00:00.000Z
UTR-NORM-277,STL-NORM-277,1729,2026-09-04T10:00:00.000Z
UTR-NORM-278,STL-NORM-278,1739,2026-09-04T10:00:00.000Z
UTR-NORM-279,STL-NORM-279,1749,2026-09-04T10:00:00.000Z
UTR-NORM-280,STL-NORM-280,1758,2026-09-04T10:00:00.000Z
UTR-NORM-281,STL-NORM-281,1768,2026-09-04T10:00:00.000Z
UTR-NORM-282,STL-NORM-282,1778,2026-09-04T10:00:00.000Z
UTR-NORM-283,STL-NORM-283,1788,2026-09-04T10:00:00.000Z
UTR-NORM-284,STL-NORM-284,1798,2026-09-04T10:00:00.000Z
UTR-NORM-285,STL-NORM-285,1807,2026-09-04T10:00:00.000Z
UTR-NORM-286,STL-NORM-286,1817,2026-09-04T10:00:00.000Z
UTR-NORM-287,STL-NORM-287,1827,2026-09-04T10:00:00.000Z
UTR-NORM-288,STL-NORM-288,1837,2026-09-04T10:00:00.000Z
UTR-NORM-289,STL-NORM-289,1847,2026-09-04T10:00:00.000Z
UTR-NORM-290,STL-NORM-290,1856,2026-09-04T10:00:00.000Z
UTR-NORM-291,STL-NORM-291,1866,2026-09-04T10:00:00.000Z
UTR-NORM-292,STL-NORM-292,1876,2026-09-04T10:00:00.000Z
UTR-NORM-293,STL-NORM-293,1886,2026-09-04T10:00:00.000Z
UTR-NORM-294,STL-NORM-294,1896,2026-09-04T10:00:00.000Z
UTR-NORM-295,STL-NORM-295,1904,2026-09-04T10:00:00.000Z
UTR-NORM-296,STL-NORM-296,1914,2026-09-04T10:00:00.000Z
UTR-NORM-297,STL-NORM-297,1924,2026-09-04T10:00:00.000Z
UTR-NORM-298,STL-NORM-298,1934,2026-09-04T10:00:00.000Z
UTR-NORM-299,STL-NORM-299,1944,2026-09-04T10:00:00.000Z
UTR-NORM-300,STL-NORM-300,977,2026-09-04T10:00:00.000Z
UTR-NORM-301,STL-NORM-301,987,2026-09-04T10:00:00.000Z
UTR-NORM-302,STL-NORM-302,997,2026-09-04T10:00:00.000Z
UTR-NORM-303,STL-NORM-303,1007,2026-09-04T10:00:00.000Z
UTR-NORM-304,STL-NORM-304,1017,2026-09-04T10:00:00.000Z
UTR-NORM-305,STL-NORM-305,1026,2026-09-04T10:00:00.000Z
UTR-NORM-306,STL-NORM-306,1036,2026-09-04T10:00:00.000Z
UTR-NORM-307,STL-NORM-307,1046,2026-09-04T10:00:00.000Z
UTR-NORM-308,STL-NORM-308,1056,2026-09-04T10:00:00.000Z
UTR-NORM-309,STL-NORM-309,1066,2026-09-04T10:00:00.000Z
UTR-NORM-310,STL-NORM-310,1075,2026-09-04T10:00:00.000Z
UTR-NORM-311,STL-NORM-311,1085,2026-09-04T10:00:00.000Z
UTR-NORM-312,STL-NORM-312,1095,2026-09-04T10:00:00.000Z
UTR-NORM-313,STL-NORM-313,1105,2026-09-04T10:00:00.000Z
UTR-NORM-314,STL-NORM-314,1115,2026-09-04T10:00:00.000Z
UTR-NORM-315,STL-NORM-315,1123,2026-09-04T10:00:00.000Z
UTR-NORM-316,STL-NORM-316,1133,2026-09-04T10:00:00.000Z
UTR-NORM-317,STL-NORM-317,1143,2026-09-04T10:00:00.000Z
UTR-NORM-318,STL-NORM-318,1153,2026-09-04T10:00:00.000Z
UTR-NORM-319,STL-NORM-319,1163,2026-09-04T10:00:00.000Z
UTR-NORM-320,STL-NORM-320,1172,2026-09-04T10:00:00.000Z
UTR-NORM-321,STL-NORM-321,1182,2026-09-04T10:00:00.000Z
UTR-NORM-322,STL-NORM-322,1192,2026-09-04T10:00:00.000Z
UTR-NORM-323,STL-NORM-323,1202,2026-09-04T10:00:00.000Z
UTR-NORM-324,STL-NORM-324,1212,2026-09-04T10:00:00.000Z
UTR-NORM-325,STL-NORM-325,1221,2026-09-04T10:00:00.000Z
UTR-NORM-326,STL-NORM-326,1231,2026-09-04T10:00:00.000Z
UTR-NORM-327,STL-NORM-327,1241,2026-09-04T10:00:00.000Z
UTR-NORM-328,STL-NORM-328,1251,2026-09-04T10:00:00.000Z
UTR-NORM-329,STL-NORM-329,1261,2026-09-04T10:00:00.000Z
UTR-NORM-330,STL-NORM-330,1270,2026-09-04T10:00:00.000Z
UTR-NORM-331,STL-NORM-331,1280,2026-09-04T10:00:00.000Z
UTR-NORM-332,STL-NORM-332,1290,2026-09-04T10:00:00.000Z
UTR-NORM-333,STL-NORM-333,1300,2026-09-04T10:00:00.000Z
UTR-NORM-334,STL-NORM-334,1310,2026-09-04T10:00:00.000Z
UTR-NORM-335,STL-NORM-335,1319,2026-09-04T10:00:00.000Z
UTR-NORM-336,STL-NORM-336,1329,2026-09-04T10:00:00.000Z
UTR-NORM-337,STL-NORM-337,1339,2026-09-04T10:00:00.000Z
UTR-NORM-338,STL-NORM-338,1349,2026-09-04T10:00:00.000Z
UTR-NORM-339,STL-NORM-339,1359,2026-09-04T10:00:00.000Z
UTR-NORM-340,STL-NORM-340,1367,2026-09-04T10:00:00.000Z
UTR-NORM-341,STL-NORM-341,1377,2026-09-04T10:00:00.000Z
UTR-NORM-342,STL-NORM-342,1387,2026-09-04T10:00:00.000Z
UTR-NORM-343,STL-NORM-343,1397,2026-09-04T10:00:00.000Z
UTR-NORM-344,STL-NORM-344,1407,2026-09-04T10:00:00.000Z
UTR-NORM-345,STL-NORM-345,1416,2026-09-04T10:00:00.000Z
UTR-NORM-346,STL-NORM-346,1426,2026-09-04T10:00:00.000Z
UTR-NORM-347,STL-NORM-347,1436,2026-09-04T10:00:00.000Z
UTR-NORM-348,STL-NORM-348,1446,2026-09-04T10:00:00.000Z
UTR-NORM-349,STL-NORM-349,1456,2026-09-04T10:00:00.000Z
UTR-NORM-350,STL-NORM-350,1465,2026-09-04T10:00:00.000Z
UTR-NORM-351,STL-NORM-351,1475,2026-09-04T10:00:00.000Z
UTR-NORM-352,STL-NORM-352,1485,2026-09-04T10:00:00.000Z
UTR-NORM-353,STL-NORM-353,1495,2026-09-04T10:00:00.000Z
UTR-NORM-354,STL-NORM-354,1505,2026-09-04T10:00:00.000Z
UTR-NORM-355,STL-NORM-355,1514,2026-09-04T10:00:00.000Z
UTR-NORM-356,STL-NORM-356,1524,2026-09-04T10:00:00.000Z
UTR-NORM-357,STL-NORM-357,1534,2026-09-04T10:00:00.000Z
UTR-NORM-358,STL-NORM-358,1544,2026-09-04T10:00:00.000Z
UTR-NORM-359,STL-NORM-359,1554,2026-09-04T10:00:00.000Z
UTR-NORM-360,STL-NORM-360,1563,2026-09-04T10:00:00.000Z
UTR-NORM-361,STL-NORM-361,1573,2026-09-04T10:00:00.000Z
UTR-NORM-362,STL-NORM-362,1583,2026-09-04T10:00:00.000Z
UTR-NORM-363,STL-NORM-363,1593,2026-09-04T10:00:00.000Z
UTR-NORM-364,STL-NORM-364,1603,2026-09-04T10:00:00.000Z
UTR-NORM-365,STL-NORM-365,1612,2026-09-04T10:00:00.000Z
UTR-NORM-366,STL-NORM-366,1622,2026-09-04T10:00:00.000Z
UTR-NORM-367,STL-NORM-367,1632,2026-09-04T10:00:00.000Z
UTR-NORM-368,STL-NORM-368,1642,2026-09-04T10:00:00.000Z
UTR-NORM-369,STL-NORM-369,1652,2026-09-04T10:00:00.000Z
UTR-NORM-370,STL-NORM-370,1660,2026-09-04T10:00:00.000Z
UTR-NORM-371,STL-NORM-371,1670,2026-09-04T10:00:00.000Z
UTR-NORM-372,STL-NORM-372,1680,2026-09-04T10:00:00.000Z
UTR-NORM-373,STL-NORM-373,1690,2026-09-04T10:00:00.000Z
UTR-NORM-374,STL-NORM-374,1700,2026-09-04T10:00:00.000Z
UTR-NORM-375,STL-NORM-375,1709,2026-09-04T10:00:00.000Z
UTR-NORM-376,STL-NORM-376,1719,2026-09-04T10:00:00.000Z
UTR-NORM-377,STL-NORM-377,1729,2026-09-04T10:00:00.000Z
UTR-NORM-378,STL-NORM-378,1739,2026-09-04T10:00:00.000Z
UTR-NORM-379,STL-NORM-379,1749,2026-09-04T10:00:00.000Z
UTR-NORM-380,STL-NORM-380,1758,2026-09-04T10:00:00.000Z
UTR-NORM-381,STL-NORM-381,1768,2026-09-04T10:00:00.000Z
UTR-NORM-382,STL-NORM-382,1778,2026-09-04T10:00:00.000Z
UTR-NORM-383,STL-NORM-383,1788,2026-09-04T10:00:00.000Z
UTR-NORM-384,STL-NORM-384,1798,2026-09-04T10:00:00.000Z
UTR-NORM-385,STL-NORM-385,1807,2026-09-04T10:00:00.000Z
UTR-NORM-386,STL-NORM-386,1817,2026-09-04T10:00:00.000Z
UTR-NORM-387,STL-NORM-387,1827,2026-09-04T10:00:00.000Z
UTR-NORM-388,STL-NORM-388,1837,2026-09-04T10:00:00.000Z
UTR-NORM-389,STL-NORM-389,1847,2026-09-04T10:00:00.000Z
UTR-NORM-390,STL-NORM-390,1856,2026-09-04T10:00:00.000Z
UTR-NORM-391,STL-NORM-391,1866,2026-09-04T10:00:00.000Z
UTR-NORM-392,STL-NORM-392,1876,2026-09-04T10:00:00.000Z
UTR-NORM-393,STL-NORM-393,1886,2026-09-04T10:00:00.000Z
UTR-NORM-394,STL-NORM-394,1896,2026-09-04T10:00:00.000Z
UTR-NORM-395,STL-NORM-395,1904,2026-09-04T10:00:00.000Z
UTR-NORM-396,STL-NORM-396,1914,2026-09-04T10:00:00.000Z
UTR-NORM-397,STL-NORM-397,1924,2026-09-04T10:00:00.000Z
UTR-NORM-398,STL-NORM-398,1934,2026-09-04T10:00:00.000Z
UTR-NORM-399,STL-NORM-399,1944,2026-09-04T10:00:00.000Z
UTR-NORM-400,STL-NORM-400,977,2026-09-04T10:00:00.000Z
UTR-NORM-401,STL-NORM-401,987,2026-09-04T10:00:00.000Z
UTR-NORM-402,STL-NORM-402,997,2026-09-04T10:00:00.000Z
UTR-NORM-403,STL-NORM-403,1007,2026-09-04T10:00:00.000Z
UTR-NORM-404,STL-NORM-404,1017,2026-09-04T10:00:00.000Z
UTR-NORM-405,STL-NORM-405,1026,2026-09-04T10:00:00.000Z
UTR-NORM-406,STL-NORM-406,1036,2026-09-04T10:00:00.000Z
UTR-NORM-407,STL-NORM-407,1046,2026-09-04T10:00:00.000Z
UTR-NORM-408,STL-NORM-408,1056,2026-09-04T10:00:00.000Z
UTR-NORM-409,STL-NORM-409,1066,2026-09-04T10:00:00.000Z
UTR-NORM-410,STL-NORM-410,1075,2026-09-04T10:00:00.000Z
UTR-NORM-411,STL-NORM-411,1085,2026-09-04T10:00:00.000Z
UTR-NORM-412,STL-NORM-412,1095,2026-09-04T10:00:00.000Z
UTR-NORM-413,STL-NORM-413,1105,2026-09-04T10:00:00.000Z
UTR-NORM-414,STL-NORM-414,1115,2026-09-04T10:00:00.000Z
UTR-NORM-415,STL-NORM-415,1123,2026-09-04T10:00:00.000Z
UTR-NORM-416,STL-NORM-416,1133,2026-09-04T10:00:00.000Z
UTR-NORM-417,STL-NORM-417,1143,2026-09-04T10:00:00.000Z
UTR-NORM-418,STL-NORM-418,1153,2026-09-04T10:00:00.000Z
UTR-NORM-419,STL-NORM-419,1163,2026-09-04T10:00:00.000Z
UTR-NORM-420,STL-NORM-420,1172,2026-09-04T10:00:00.000Z
UTR-NORM-421,STL-NORM-421,1182,2026-09-04T10:00:00.000Z
UTR-NORM-422,STL-NORM-422,1192,2026-09-04T10:00:00.000Z
UTR-NORM-423,STL-NORM-423,1202,2026-09-04T10:00:00.000Z
UTR-NORM-424,STL-NORM-424,1212,2026-09-04T10:00:00.000Z
UTR-NORM-425,STL-NORM-425,1221,2026-09-04T10:00:00.000Z
UTR-NORM-426,STL-NORM-426,1231,2026-09-04T10:00:00.000Z
UTR-NORM-427,STL-NORM-427,1241,2026-09-04T10:00:00.000Z
UTR-NORM-428,STL-NORM-428,1251,2026-09-04T10:00:00.000Z
UTR-NORM-429,STL-NORM-429,1261,2026-09-04T10:00:00.000Z
UTR-NORM-430,STL-NORM-430,1270,2026-09-04T10:00:00.000Z
UTR-NORM-431,STL-NORM-431,1280,2026-09-04T10:00:00.000Z
UTR-NORM-432,STL-NORM-432,1290,2026-09-04T10:00:00.000Z
UTR-NORM-433,STL-NORM-433,1300,2026-09-04T10:00:00.000Z
UTR-NORM-434,STL-NORM-434,1310,2026-09-04T10:00:00.000Z
UTR-NORM-435,STL-NORM-435,1319,2026-09-04T10:00:00.000Z
UTR-NORM-436,STL-NORM-436,1329,2026-09-04T10:00:00.000Z
UTR-NORM-437,STL-NORM-437,1339,2026-09-04T10:00:00.000Z
UTR-NORM-438,STL-NORM-438,1349,2026-09-04T10:00:00.000Z
UTR-NORM-439,STL-NORM-439,1359,2026-09-04T10:00:00.000Z
UTR-NORM-440,STL-NORM-440,1367,2026-09-04T10:00:00.000Z
UTR-NORM-441,STL-NORM-441,1377,2026-09-04T10:00:00.000Z
UTR-NORM-442,STL-NORM-442,1387,2026-09-04T10:00:00.000Z
UTR-NORM-443,STL-NORM-443,1397,2026-09-04T10:00:00.000Z
UTR-NORM-444,STL-NORM-444,1407,2026-09-04T10:00:00.000Z
UTR-NORM-445,STL-NORM-445,1416,2026-09-04T10:00:00.000Z
UTR-NORM-446,STL-NORM-446,1426,2026-09-04T10:00:00.000Z
UTR-NORM-447,STL-NORM-447,1436,2026-09-04T10:00:00.000Z
UTR-NORM-448,STL-NORM-448,1446,2026-09-04T10:00:00.000Z
UTR-NORM-449,STL-NORM-449,1456,2026-09-04T10:00:00.000Z
UTR-NORM-450,STL-NORM-450,1465,2026-09-04T10:00:00.000Z
UTR-NORM-451,STL-NORM-451,1475,2026-09-04T10:00:00.000Z
UTR-NORM-452,STL-NORM-452,1485,2026-09-04T10:00:00.000Z
UTR-NORM-453,STL-NORM-453,1495,2026-09-04T10:00:00.000Z
UTR-NORM-454,STL-NORM-454,1505,2026-09-04T10:00:00.000Z
UTR-NORM-455,STL-NORM-455,1514,2026-09-04T10:00:00.000Z
UTR-NORM-456,STL-NORM-456,1524,2026-09-04T10:00:00.000Z
UTR-NORM-457,STL-NORM-457,1534,2026-09-04T10:00:00.000Z
UTR-NORM-458,STL-NORM-458,1544,2026-09-04T10:00:00.000Z
UTR-NORM-459,STL-NORM-459,1554,2026-09-04T10:00:00.000Z
UTR-NORM-460,STL-NORM-460,1563,2026-09-04T10:00:00.000Z
UTR-NORM-461,STL-NORM-461,1573,2026-09-04T10:00:00.000Z
UTR-NORM-462,STL-NORM-462,1583,2026-09-04T10:00:00.000Z
UTR-NORM-463,STL-NORM-463,1593,2026-09-04T10:00:00.000Z
UTR-NORM-464,STL-NORM-464,1603,2026-09-04T10:00:00.000Z
UTR-NORM-465,STL-NORM-465,1612,2026-09-04T10:00:00.000Z
UTR-NORM-466,STL-NORM-466,1622,2026-09-04T10:00:00.000Z
UTR-NORM-467,STL-NORM-467,1632,2026-09-04T10:00:00.000Z
UTR-NORM-468,STL-NORM-468,1642,2026-09-04T10:00:00.000Z
UTR-NORM-469,STL-NORM-469,1652,2026-09-04T10:00:00.000Z
UTR-NORM-470,STL-NORM-470,1660,2026-09-04T10:00:00.000Z
UTR-NORM-471,STL-NORM-471,1670,2026-09-04T10:00:00.000Z
UTR-NORM-472,STL-NORM-472,1680,2026-09-04T10:00:00.000Z
UTR-NORM-473,STL-NORM-473,1690,2026-09-04T10:00:00.000Z
UTR-NORM-474,STL-NORM-474,1700,2026-09-04T10:00:00.000Z
UTR-NORM-475,STL-NORM-475,1709,2026-09-04T10:00:00.000Z
UTR-NORM-476,STL-NORM-476,1719,2026-09-04T10:00:00.000Z
UTR-NORM-477,STL-NORM-477,1729,2026-09-04T10:00:00.000Z
UTR-NORM-478,STL-NORM-478,1739,2026-09-04T10:00:00.000Z
UTR-NORM-479,STL-NORM-479,1749,2026-09-04T10:00:00.000Z
UTR-NORM-480,STL-NORM-480,1758,2026-09-04T10:00:00.000Z
UTR-NORM-481,STL-NORM-481,1768,2026-09-04T10:00:00.000Z
UTR-NORM-482,STL-NORM-482,1778,2026-09-04T10:00:00.000Z
UTR-NORM-483,STL-NORM-483,1788,2026-09-04T10:00:00.000Z
UTR-NORM-484,STL-NORM-484,1798,2026-09-04T10:00:00.000Z
UTR-NORM-485,STL-NORM-485,1807,2026-09-04T10:00:00.000Z
UTR-NORM-486,STL-NORM-486,1817,2026-09-04T10:00:00.000Z
UTR-NORM-487,STL-NORM-487,1827,2026-09-04T10:00:00.000Z
UTR-NORM-488,STL-NORM-488,1837,2026-09-04T10:00:00.000Z
UTR-NORM-489,STL-NORM-489,1847,2026-09-04T10:00:00.000Z
UTR-NORM-490,STL-NORM-490,1856,2026-09-04T10:00:00.000Z
UTR-NORM-491,STL-NORM-491,1866,2026-09-04T10:00:00.000Z
UTR-NORM-492,STL-NORM-492,1876,2026-09-04T10:00:00.000Z
UTR-NORM-493,STL-NORM-493,1886,2026-09-04T10:00:00.000Z
UTR-NORM-494,STL-NORM-494,1896,2026-09-04T10:00:00.000Z
UTR-NORM-495,STL-NORM-495,1904,2026-09-04T10:00:00.000Z
UTR-NORM-496,STL-NORM-496,1914,2026-09-04T10:00:00.000Z
UTR-NORM-497,STL-NORM-497,1924,2026-09-04T10:00:00.000Z
UTR-NORM-498,STL-NORM-498,1934,2026-09-04T10:00:00.000Z
UTR-NORM-499,STL-NORM-499,1944,2026-09-04T10:00:00.000Z
UTR-NORM-500,STL-NORM-500,977,2026-09-04T10:00:00.000Z
UTR-DUP,STL-DUP,7323,2026-09-04T10:00:00.000Z
UTR-FEE,STL-FEE,2800,2026-09-04T10:00:00.000Z