order_id,amount,customer_id,created_at
ORD-NORM-1,1010,CUST-NORM-1,2026-09-01T10:00:00.000Z
ORD-NORM-2,1020,CUST-NORM-2,2026-09-01T10:00:00.000Z
ORD-NORM-3,1030,CUST-NORM-3,2026-09-01T10:00:00.000Z
ORD-NORM-4,1040,CUST-NORM-4,2026-09-01T10:00:00.000Z
ORD-NORM-5,1050,CUST-NORM-5,2026-09-01T10:00:00.000Z
ORD-NORM-6,1060,CUST-NORM-6,2026-09-01T10:00:00.000Z
ORD-NORM-7,1070,CUST-NORM-7,2026-09-01T10:00:00.000Z
ORD-NORM-8,1080,CUST-NORM-8,2026-09-01T10:00:00.000Z
ORD-NORM-9,1090,CUST-NORM-9,2026-09-01T10:00:00.000Z
ORD-NORM-10,1100,CUST-NORM-10,2026-09-01T10:00:00.000Z
ORD-NORM-11,1110,CUST-NORM-11,2026-09-01T10:00:00.000Z
ORD-NORM-12,1120,CUST-NORM-12,2026-09-01T10:00:00.000Z
ORD-NORM-13,1130,CUST-NORM-13,2026-09-01T10:00:00.000Z
ORD-NORM-14,1140,CUST-NORM-14,2026-09-01T10:00:00.000Z
ORD-NORM-15,1150,CUST-NORM-15,2026-09-01T10:00:00.000Z
ORD-NORM-16,1160,CUST-NORM-16,2026-09-01T10:00:00.000Z
ORD-NORM-17,1170,CUST-NORM-17,2026-09-01T10:00:00.000Z
ORD-NORM-18,1180,CUST-NORM-18,2026-09-01T10:00:00.000Z
ORD-NORM-19,1190,CUST-NORM-19,2026-09-01T10:00:00.000Z
ORD-NORM-20,1200,CUST-NORM-20,2026-09-01T10:00:00.000Z
ORD-NORM-21,1210,CUST-NORM-21,2026-09-01T10:00:00.000Z
ORD-NORM-22,1220,CUST-NORM-22,2026-09-01T10:00:00.000Z
ORD-NORM-23,1230,CUST-NORM-23,2026-09-01T10:00:00.000Z
ORD-NORM-24,1240,CUST-NORM-24,2026-09-01T10:00:00.000Z
ORD-NORM-25,1250,CUST-NORM-25,2026-09-01T10:00:00.000Z
ORD-NORM-26,1260,CUST-NORM-26,2026-09-01T10:00:00.000Z
ORD-NORM-27,1270,CUST-NORM-27,2026-09-01T10:00:00.000Z
ORD-NORM-28,1280,CUST-NORM-28,2026-09-01T10:00:00.000Z
ORD-NORM-29,1290,CUST-NORM-29,2026-09-01T10:00:00.000Z
ORD-NORM-30,1300,CUST-NORM-30,2026-09-01T10:00:00.000Z
ORD-NORM-31,1310,CUST-NORM-31,2026-09-01T10:00:00.000Z
ORD-NORM-32,1320,CUST-NORM-32,2026-09-01T10:00:00.000Z
ORD-NORM-33,1330,CUST-NORM-33,2026-09-01T10:00:00.000Z
ORD-NORM-34,1340,CUST-NORM-34,2026-09-01T10:00:00.000Z
ORD-NORM-35,1350,CUST-NORM-35,2026-09-01T10:00:00.000Z
ORD-NORM-36,1360,CUST-NORM-36,2026-09-01T10:00:00.000Z
ORD-NORM-37,1370,CUST-NORM-37,2026-09-01T10:00:00.000Z
ORD-NORM-38,1380,CUST-NORM-38,2026-09-01T10:00:00.000Z
ORD-NORM-39,1390,CUST-NORM-39,2026-09-01T10:00:00.000Z
ORD-NORM-40,1400,CUST-NORM-40,2026-09-01T10:00:00.000Z
ORD-NORM-41,1410,CUST-NORM-41,2026-09-01T10:00:00.000Z
ORD-NORM-42,1420,CUST-NORM-42,2026-09-01T10:00:00.000Z
ORD-NORM-43,1430,CUST-NORM-43,2026-09-01T10:00:00.000Z
ORD-NORM-44,1440,CUST-NORM-44,2026-09-01T10:00:00.000Z
ORD-NORM-45,1450,CUST-NORM-45,2026-09-01T10:00:00.000Z
ORD-NORM-46,1460,CUST-NORM-46,2026-09-01T10:00:00.000Z
ORD-NORM-47,1470,CUST-NORM-47,2026-09-01T10:00:00.000Z
ORD-NORM-48,1480,CUST-NORM-48,2026-09-01T10:00:00.000Z
ORD-NORM-49,1490,CUST-NORM-49,2026-09-01T10:00:00.000Z
ORD-NORM-50,1500,CUST-NORM-50,2026-09-01T10:00:00.000Z
ORD-NORM-51,1510,CUST-NORM-51,2026-09-01T10:00:00.000Z
ORD-NORM-52,1520,CUST-NORM-52,2026-09-01T10:00:00.000Z
ORD-NORM-53,1530,CUST-NORM-53,2026-09-01T10:00:00.000Z
ORD-NORM-54,1540,CUST-NORM-54,2026-09-01T10:00:00.000Z
ORD-NORM-55,1550,CUST-NORM-55,2026-09-01T10:00:00.000Z
ORD-NORM-56,1560,CUST-NORM-56,2026-09-01T10:00:00.000Z
ORD-NORM-57,1570,CUST-NORM-57,2026-09-01T10:00:00.000Z
ORD-NORM-58,1580,CUST-NORM-58,2026-09-01T10:00:00.000Z
ORD-NORM-59,1590,CUST-NORM-59,2026-09-01T10:00:00.000Z
ORD-NORM-60,1600,CUST-NORM-60,2026-09-01T10:00:00.000Z
ORD-NORM-61,1610,CUST-NORM-61,2026-09-01T10:00:00.000Z
ORD-NORM-62,1620,CUST-NORM-62,2026-09-01T10:00:00.000Z
ORD-NORM-63,1630,CUST-NORM-63,2026-09-01T10:00:00.000Z
ORD-NORM-64,1640,CUST-NORM-64,2026-09-01T10:00:00.000Z
ORD-NORM-65,1650,CUST-NORM-65,2026-09-01T10:00:00.000Z
ORD-NORM-66,1660,CUST-NORM-66,2026-09-01T10:00:00.000Z
ORD-NORM-67,1670,CUST-NORM-67,2026-09-01T10:00:00.000Z
ORD-NORM-68,1680,CUST-NORM-68,2026-09-01T10:00:00.000Z
ORD-NORM-69,1690,CUST-NORM-69,2026-09-01T10:00:00.000Z
ORD-NORM-70,1700,CUST-NORM-70,2026-09-01T10:00:00.000Z
ORD-NORM-71,1710,CUST-NORM-71,2026-09-01T10:00:00.000Z
ORD-NORM-72,1720,CUST-NORM-72,2026-09-01T10:00:00.000Z
ORD-NORM-73,1730,CUST-NORM-73,2026-09-01T10:00:00.000Z
ORD-NORM-74,1740,CUST-NORM-74,2026-09-01T10:00:00.000Z
ORD-NORM-75,1750,CUST-NORM-75,2026-09-01T10:00:00.000Z
ORD-NORM-76,1760,CUST-NORM-76,2026-09-01T10:00:00.000Z
ORD-NORM-77,1770,CUST-NORM-77,2026-09-01T10:00:00.000Z
ORD-NORM-78,1780,CUST-NORM-78,2026-09-01T10:00:00.000Z
ORD-NORM-79,1790,CUST-NORM-79,2026-09-01T10:00:00.000Z
ORD-NORM-80,1800,CUST-NORM-80,2026-09-01T10:00:00.000Z
ORD-NORM-81,1810,CUST-NORM-81,2026-09-01T10:00:00.000Z
ORD-NORM-82,1820,CUST-NORM-82,2026-09-01T10:00:00.000Z
ORD-NORM-83,1830,CUST-NORM-83,2026-09-01T10:00:00.000Z
ORD-NORM-84,1840,CUST-NORM-84,2026-09-01T10:00:00.000Z
ORD-NORM-85,1850,CUST-NORM-85,2026-09-01T10:00:00.000Z
ORD-NORM-86,1860,CUST-NORM-86,2026-09-01T10:00:00.000Z
ORD-NORM-87,1870,CUST-NORM-87,2026-09-01T10:00:00.000Z
ORD-NORM-88,1880,CUST-NORM-88,2026-09-01T10:00:00.000Z
ORD-NORM-89,1890,CUST-NORM-89,2026-09-01T10:00:00.000Z
ORD-NORM-90,1900,CUST-NORM-90,2026-09-01T10:00:00.000Z
ORD-NORM-91,1910,CUST-NORM-91,2026-09-01T10:00:00.000Z
ORD-NORM-92,1920,CUST-NORM-92,2026-09-01T10:00:00.000Z
ORD-NORM-93,1930,CUST-NORM-93,2026-09-01T10:00:00.000Z
ORD-NORM-94,1940,CUST-NORM-94,2026-09-01T10:00:00.000Z
ORD-NORM-95,1950,CUST-NORM-95,2026-09-01T10:00:00.000Z
ORD-NORM-96,1960,CUST-NORM-96,2026-09-01T10:00:00.000Z
ORD-NORM-97,1970,CUST-NORM-97,2026-09-01T10:00:00.000Z
ORD-NORM-98,1980,CUST-NORM-98,2026-09-01T10:00:00.000Z
ORD-NORM-99,1990,CUST-NORM-99,2026-09-01T10:00:00.000Z
ORD-NORM-100,1000,CUST-NORM-100,2026-09-01T10:00:00.000Z
ORD-NORM-101,1010,CUST-NORM-101,2026-09-01T10:00:00.000Z
ORD-NORM-102,1020,CUST-NORM-102,2026-09-01T10:00:00.000Z
ORD-NORM-103,1030,CUST-NORM-103,2026-09-01T10:00:00.000Z
ORD-NORM-104,1040,CUST-NORM-104,2026-09-01T10:00:00.000Z
ORD-NORM-105,1050,CUST-NORM-105,2026-09-01T10:00:00.000Z
ORD-NORM-106,1060,CUST-NORM-106,2026-09-01T10:00:00.000Z
ORD-NORM-107,1070,CUST-NORM-107,2026-09-01T10:00:00.000Z
ORD-NORM-108,1080,CUST-NORM-108,2026-09-01T10:00:00.000Z
ORD-NORM-109,1090,CUST-NORM-109,2026-09-01T10:00:00.000Z
ORD-NORM-110,1100,CUST-NORM-110,2026-09-01T10:00:00.000Z
ORD-NORM-111,1110,CUST-NORM-111,2026-09-01T10:00:00.000Z
ORD-NORM-112,1120,CUST-NORM-112,2026-09-01T10:00:00.000Z
ORD-NORM-113,1130,CUST-NORM-113,2026-09-01T10:00:00.000Z
ORD-NORM-114,1140,CUST-NORM-114,2026-09-01T10:00:00.000Z
ORD-NORM-115,1150,CUST-NORM-115,2026-09-01T10:00:00.000Z
ORD-NORM-116,1160,CUST-NORM-116,2026-09-01T10:00:00.000Z
ORD-NORM-117,1170,CUST-NORM-117,2026-09-01T10:00:00.000Z
ORD-NORM-118,1180,CUST-NORM-118,2026-09-01T10:00:00.000Z
ORD-NORM-119,1190,CUST-NORM-119,2026-09-01T10:00:00.000Z
ORD-NORM-120,1200,CUST-NORM-120,2026-09-01T10:00:00.000Z
ORD-NORM-121,1210,CUST-NORM-121,2026-09-01T10:00:00.000Z
ORD-NORM-122,1220,CUST-NORM-122,2026-09-01T10:00:00.000Z
ORD-NORM-123,1230,CUST-NORM-123,2026-09-01T10:00:00.000Z
ORD-NORM-124,1240,CUST-NORM-124,2026-09-01T10:00:00.000Z
ORD-NORM-125,1250,CUST-NORM-125,2026-09-01T10:00:00.000Z
ORD-NORM-126,1260,CUST-NORM-126,2026-09-01T10:00:00.000Z
ORD-NORM-127,1270,CUST-NORM-127,2026-09-01T10:00:00.000Z
ORD-NORM-128,1280,CUST-NORM-128,2026-09-01T10:00:00.000Z
ORD-NORM-129,1290,CUST-NORM-129,2026-09-01T10:00:00.000Z
ORD-NORM-130,1300,CUST-NORM-130,2026-09-01T10:00:00.000Z
ORD-NORM-131,1310,CUST-NORM-131,2026-09-01T10:00:00.000Z
ORD-NORM-132,1320,CUST-NORM-132,2026-09-01T10:00:00.000Z
ORD-NORM-133,1330,CUST-NORM-133,2026-09-01T10:00:00.000Z
ORD-NORM-134,1340,CUST-NORM-134,2026-09-01T10:00:00.000Z
ORD-NORM-135,1350,CUST-NORM-135,2026-09-01T10:00:00.000Z
ORD-NORM-136,1360,CUST-NORM-136,2026-09-01T10:00:00.000Z
ORD-NORM-137,1370,CUST-NORM-137,2026-09-01T10:00:00.000Z
ORD-NORM-138,1380,CUST-NORM-138,2026-09-01T10:00:00.000Z
ORD-NORM-139,1390,CUST-NORM-139,2026-09-01T10:00:00.000Z
ORD-NORM-140,1400,CUST-NORM-140,2026-09-01T10:00:00.000Z
ORD-NORM-141,1410,CUST-NORM-141,2026-09-01T10:00:00.000Z
ORD-NORM-142,1420,CUST-NORM-142,2026-09-01T10:00:00.000Z
ORD-NORM-143,1430,CUST-NORM-143,2026-09-01T10:00:00.000Z
ORD-NORM-144,1440,CUST-NORM-144,2026-09-01T10:00:00.000Z
ORD-NORM-145,1450,CUST-NORM-145,2026-09-01T10:00:00.000Z
ORD-NORM-146,1460,CUST-NORM-146,2026-09-01T10:00:00.000Z
ORD-NORM-147,1470,CUST-NORM-147,2026-09-01T10:00:00.000Z
ORD-NORM-148,1480,CUST-NORM-148,2026-09-01T10:00:00.000Z
ORD-NORM-149,1490,CUST-NORM-149,2026-09-01T10:00:00.000Z
ORD-NORM-150,1500,CUST-NORM-150,2026-09-01T10:00:00.000Z
ORD-NORM-151,1510,CUST-NORM-151,2026-09-01T10:00:00.000Z
ORD-NORM-152,1520,CUST-NORM-152,2026-09-01T10:00:00.000Z
ORD-NORM-153,1530,CUST-NORM-153,2026-09-01T10:00:00.000Z
ORD-NORM-154,1540,CUST-NORM-154,2026-09-01T10:00:00.000Z
ORD-NORM-155,1550,CUST-NORM-155,2026-09-01T10:00:00.000Z
ORD-NORM-156,1560,CUST-NORM-156,2026-09-01T10:00:00.000Z
ORD-NORM-157,1570,CUST-NORM-157,2026-09-01T10:00:00.000Z
ORD-NORM-158,1580,CUST-NORM-158,2026-09-01T10:00:00.000Z
ORD-NORM-159,1590,CUST-NORM-159,2026-09-01T10:00:00.000Z
ORD-NORM-160,1600,CUST-NORM-160,2026-09-01T10:00:00.000Z
ORD-NORM-161,1610,CUST-NORM-161,2026-09-01T10:00:00.000Z
ORD-NORM-162,1620,CUST-NORM-162,2026-09-01T10:00:00.000Z
ORD-NORM-163,1630,CUST-NORM-163,2026-09-01T10:00:00.000Z
ORD-NORM-164,1640,CUST-NORM-164,2026-09-01T10:00:00.000Z
ORD-NORM-165,1650,CUST-NORM-165,2026-09-01T10:00:00.000Z
ORD-NORM-166,1660,CUST-NORM-166,2026-09-01T10:00:00.000Z
ORD-NORM-167,1670,CUST-NORM-167,2026-09-01T10:00:00.000Z
ORD-NORM-168,1680,CUST-NORM-168,2026-09-01T10:00:00.000Z
ORD-NORM-169,1690,CUST-NORM-169,2026-09-01T10:00:00.000Z
ORD-NORM-170,1700,CUST-NORM-170,2026-09-01T10:00:00.000Z
ORD-NORM-171,1710,CUST-NORM-171,2026-09-01T10:00:00.000Z
ORD-NORM-172,1720,CUST-NORM-172,2026-09-01T10:00:00.000Z
ORD-NORM-173,1730,CUST-NORM-173,2026-09-01T10:00:00.000Z
ORD-NORM-174,1740,CUST-NORM-174,2026-09-01T10:00:00.000Z
ORD-NORM-175,1750,CUST-NORM-175,2026-09-01T10:00:00.000Z
ORD-NORM-176,1760,CUST-NORM-176,2026-09-01T10:00:00.000Z
ORD-NORM-177,1770,CUST-NORM-177,2026-09-01T10:00:00.000Z
ORD-NORM-178,1780,CUST-NORM-178,2026-09-01T10:00:00.000Z
ORD-NORM-179,1790,CUST-NORM-179,2026-09-01T10:00:00.000Z
ORD-NORM-180,1800,CUST-NORM-180,2026-09-01T10:00:00.000Z
ORD-NORM-181,1810,CUST-NORM-181,2026-09-01T10:00:00.000Z
ORD-NORM-182,1820,CUST-NORM-182,2026-09-01T10:00:00.000Z
ORD-NORM-183,1830,CUST-NORM-183,2026-09-01T10:00:00.000Z
ORD-NORM-184,1840,CUST-NORM-184,2026-09-01T10:00:00.000Z
ORD-NORM-185,1850,CUST-NORM-185,2026-09-01T10:00:00.000Z
ORD-NORM-186,1860,CUST-NORM-186,2026-09-01T10:00:00.000Z
ORD-NORM-187,1870,CUST-NORM-187,2026-09-01T10:00:00.000Z
ORD-NORM-188,1880,CUST-NORM-188,2026-09-01T10:00:00.000Z
ORD-NORM-189,1890,CUST-NORM-189,2026-09-01T10:00:00.000Z
ORD-NORM-190,1900,CUST-NORM-190,2026-09-01T10:00:00.000Z
ORD-NORM-191,1910,CUST-NORM-191,2026-09-01T10:00:00.000Z
ORD-NORM-192,1920,CUST-NORM-192,2026-09-01T10:00:00.000Z
ORD-NORM-193,1930,CUST-NORM-193,2026-09-01T10:00:00.000Z
ORD-NORM-194,1940,CUST-NORM-194,2026-09-01T10:00:00.000Z
ORD-NORM-195,1950,CUST-NORM-195,2026-09-01T10:00:00.000Z
ORD-NORM-196,1960,CUST-NORM-196,2026-09-01T10:00:00.000Z
ORD-NORM-197,1970,CUST-NORM-197,2026-09-01T10:00:00.000Z
ORD-NORM-198,1980,CUST-NORM-198,2026-09-01T10:00:00.000Z
ORD-NORM-199,1990,CUST-NORM-199,2026-09-01T10:00:00.000Z
ORD-NORM-200,1000,CUST-NORM-200,2026-09-01T10:00:00.000Z
ORD-NORM-201,1010,CUST-NORM-201,2026-09-01T10:00:00.000Z
ORD-NORM-202,1020,CUST-NORM-202,2026-09-01T10:00:00.000Z
ORD-NORM-203,1030,CUST-NORM-203,2026-09-01T10:00:00.000Z
ORD-NORM-204,1040,CUST-NORM-204,2026-09-01T10:00:00.000Z
ORD-NORM-205,1050,CUST-NORM-205,2026-09-01T10:00:00.000Z
ORD-NORM-206,1060,CUST-NORM-206,2026-09-01T10:00:00.000Z
ORD-NORM-207,1070,CUST-NORM-207,2026-09-01T10:00:00.000Z
ORD-NORM-208,1080,CUST-NORM-208,2026-09-01T10:00:00.000Z
ORD-NORM-209,1090,CUST-NORM-209,2026-09-01T10:00:00.000Z
ORD-NORM-210,1100,CUST-NORM-210,2026-09-01T10:00:00.000Z
ORD-NORM-211,1110,CUST-NORM-211,2026-09-01T10:00:00.000Z
ORD-NORM-212,1120,CUST-NORM-212,2026-09-01T10:00:00.000Z
ORD-NORM-213,1130,CUST-NORM-213,2026-09-01T10:00:00.000Z
ORD-NORM-214,1140,CUST-NORM-214,2026-09-01T10:00:00.000Z
ORD-NORM-215,1150,CUST-NORM-215,2026-09-01T10:00:00.000Z
ORD-NORM-216,1160,CUST-NORM-216,2026-09-01T10:00:00.000Z
ORD-NORM-217,1170,CUST-NORM-217,2026-09-01T10:00:00.000Z
ORD-NORM-218,1180,CUST-NORM-218,2026-09-01T10:00:00.000Z
ORD-NORM-219,1190,CUST-NORM-219,2026-09-01T10:00:00.000Z
ORD-NORM-220,1200,CUST-NORM-220,2026-09-01T10:00:00.000Z
ORD-NORM-221,1210,CUST-NORM-221,2026-09-01T10:00:00.000Z
ORD-NORM-222,1220,CUST-NORM-222,2026-09-01T10:00:00.000Z
ORD-NORM-223,1230,CUST-NORM-223,2026-09-01T10:00:00.000Z
ORD-NORM-224,1240,CUST-NORM-224,2026-09-01T10:00:00.000Z
ORD-NORM-225,1250,CUST-NORM-225,2026-09-01T10:00:00.000Z
ORD-NORM-226,1260,CUST-NORM-226,2026-09-01T10:00:00.000Z
ORD-NORM-227,1270,CUST-NORM-227,2026-09-01T10:00:00.000Z
ORD-NORM-228,1280,CUST-NORM-228,2026-09-01T10:00:00.000Z
ORD-NORM-229,1290,CUST-NORM-229,2026-09-01T10:00:00.000Z
ORD-NORM-230,1300,CUST-NORM-230,2026-09-01T10:00:00.000Z
ORD-NORM-231,1310,CUST-NORM-231,2026-09-01T10:00:00.000Z
ORD-NORM-232,1320,CUST-NORM-232,2026-09-01T10:00:00.000Z
ORD-NORM-233,1330,CUST-NORM-233,2026-09-01T10:00:00.000Z
ORD-NORM-234,1340,CUST-NORM-234,2026-09-01T10:00:00.000Z
ORD-NORM-235,1350,CUST-NORM-235,2026-09-01T10:00:00.000Z
ORD-NORM-236,1360,CUST-NORM-236,2026-09-01T10:00:00.000Z
ORD-NORM-237,1370,CUST-NORM-237,2026-09-01T10:00:00.000Z
ORD-NORM-238,1380,CUST-NORM-238,2026-09-01T10:00:00.000Z
ORD-NORM-239,1390,CUST-NORM-239,2026-09-01T10:00:00.000Z
ORD-NORM-240,1400,CUST-NORM-240,2026-09-01T10:00:00.000Z
ORD-NORM-241,1410,CUST-NORM-241,2026-09-01T10:00:00.000Z
ORD-NORM-242,1420,CUST-NORM-242,2026-09-01T10:00:00.000Z
ORD-NORM-243,1430,CUST-NORM-243,2026-09-01T10:00:00.000Z
ORD-NORM-244,1440,CUST-NORM-244,2026-09-01T10:00:00.000Z
ORD-NORM-245,1450,CUST-NORM-245,2026-09-01T10:00:00.000Z
ORD-NORM-246,1460,CUST-NORM-246,2026-09-01T10:00:00.000Z
ORD-NORM-247,1470,CUST-NORM-247,2026-09-01T10:00:00.000Z
ORD-NORM-248,1480,CUST-NORM-248,2026-09-01T10:00:00.000Z
ORD-NORM-249,1490,CUST-NORM-249,2026-09-01T10:00:00.000Z
ORD-NORM-250,1500,CUST-NORM-250,2026-09-01T10:00:00.000Z
ORD-NORM-251,1510,CUST-NORM-251,2026-09-01T10:00:00.000Z
ORD-NORM-252,1520,CUST-NORM-252,2026-09-01T10:00:00.000Z
ORD-NORM-253,1530,CUST-NORM-253,2026-09-01T10:00:00.000Z
ORD-NORM-254,1540,CUST-NORM-254,2026-09-01T10:00:00.000Z
ORD-NORM-255,1550,CUST-NORM-255,2026-09-01T10:00:00.000Z
ORD-NORM-256,1560,CUST-NORM-256,2026-09-01T10:00:00.000Z
ORD-NORM-257,1570,CUST-NORM-257,2026-09-01T10:00:00.000Z
ORD-NORM-258,1580,CUST-NORM-258,2026-09-01T10:00:00.000Z
ORD-NORM-259,1590,CUST-NORM-259,2026-09-01T10:00:00.000Z
ORD-NORM-260,1600,CUST-NORM-260,2026-09-01T10:00:00.000Z
ORD-NORM-261,1610,CUST-NORM-261,2026-09-01T10:00:00.000Z
ORD-NORM-262,1620,CUST-NORM-262,2026-09-01T10:00:00.000Z
ORD-NORM-263,1630,CUST-NORM-263,2026-09-01T10:00:00.000Z
ORD-NORM-264,1640,CUST-NORM-264,2026-09-01T10:00:00.000Z
ORD-NORM-265,1650,CUST-NORM-265,2026-09-01T10:00:00.000Z
ORD-NORM-266,1660,CUST-NORM-266,2026-09-01T10:00:00.000Z
ORD-NORM-267,1670,CUST-NORM-267,2026-09-01T10:00:00.000Z
ORD-NORM-268,1680,CUST-NORM-268,2026-09-01T10:00:00.000Z
ORD-NORM-269,1690,CUST-NORM-269,2026-09-01T10:00:00.000Z
ORD-NORM-270,1700,CUST-NORM-270,2026-09-01T10:00:00.000Z
ORD-NORM-271,1710,CUST-NORM-271,2026-09-01T10:00:00.000Z
ORD-NORM-272,1720,CUST-NORM-272,2026-09-01T10:00:00.000Z
ORD-NORM-273,1730,CUST-NORM-273,2026-09-01T10:00:00.000Z
ORD-NORM-274,1740,CUST-NORM-274,2026-09-01T10:00:00.000Z
ORD-NORM-275,1750,CUST-NORM-275,2026-09-01T10:00:00.000Z
ORD-NORM-276,1760,CUST-NORM-276,2026-09-01T10:00:00.000Z
ORD-NORM-277,1770,CUST-NORM-277,2026-09-01T10:00:00.000Z
ORD-NORM-278,1780,CUST-NORM-278,2026-09-01T10:00:00.000Z
ORD-NORM-279,1790,CUST-NORM-279,2026-09-01T10:00:00.000Z
ORD-NORM-280,1800,CUST-NORM-280,2026-09-01T10:00:00.000Z
ORD-NORM-281,1810,CUST-NORM-281,2026-09-01T10:00:00.000Z
ORD-NORM-282,1820,CUST-NORM-282,2026-09-01T10:00:00.000Z
ORD-NORM-283,1830,CUST-NORM-283,2026-09-01T10:00:00.000Z
ORD-NORM-284,1840,CUST-NORM-284,2026-09-01T10:00:00.000Z
ORD-NORM-285,1850,CUST-NORM-285,2026-09-01T10:00:00.000Z
ORD-NORM-286,1860,CUST-NORM-286,2026-09-01T10:00:00.000Z
ORD-NORM-287,1870,CUST-NORM-287,2026-09-01T10:00:00.000Z
ORD-NORM-288,1880,CUST-NORM-288,2026-09-01T10:00:00.000Z
ORD-NORM-289,1890,CUST-NORM-289,2026-09-01T10:00:00.000Z
ORD-NORM-290,1900,CUST-NORM-290,2026-09-01T10:00:00.000Z
ORD-NORM-291,1910,CUST-NORM-291,2026-09-01T10:00:00.000Z
ORD-NORM-292,1920,CUST-NORM-292,2026-09-01T10:00:00.000Z
ORD-NORM-293,1930,CUST-NORM-293,2026-09-01T10:00:00.000Z
ORD-NORM-294,1940,CUST-NORM-294,2026-09-01T10:00:00.000Z
ORD-NORM-295,1950,CUST-NORM-295,2026-09-01T10:00:00.000Z
ORD-NORM-296,1960,CUST-NORM-296,2026-09-01T10:00:00.000Z
ORD-NORM-297,1970,CUST-NORM-297,2026-09-01T10:00:00.000Z
ORD-NORM-298,1980,CUST-NORM-298,2026-09-01T10:00:00.000Z
ORD-NORM-299,1990,CUST-NORM-299,2026-09-01T10:00:00.000Z
ORD-NORM-300,1000,CUST-NORM-300,2026-09-01T10:00:00.000Z
ORD-NORM-301,1010,CUST-NORM-301,2026-09-01T10:00:00.000Z
ORD-NORM-302,1020,CUST-NORM-302,2026-09-01T10:00:00.000Z
ORD-NORM-303,1030,CUST-NORM-303,2026-09-01T10:00:00.000Z
ORD-NORM-304,1040,CUST-NORM-304,2026-09-01T10:00:00.000Z
ORD-NORM-305,1050,CUST-NORM-305,2026-09-01T10:00:00.000Z
ORD-NORM-306,1060,CUST-NORM-306,2026-09-01T10:00:00.000Z
ORD-NORM-307,1070,CUST-NORM-307,2026-09-01T10:00:00.000Z
ORD-NORM-308,1080,CUST-NORM-308,2026-09-01T10:00:00.000Z
ORD-NORM-309,1090,CUST-NORM-309,2026-09-01T10:00:00.000Z
ORD-NORM-310,1100,CUST-NORM-310,2026-09-01T10:00:00.000Z
ORD-NORM-311,1110,CUST-NORM-311,2026-09-01T10:00:00.000Z
ORD-NORM-312,1120,CUST-NORM-312,2026-09-01T10:00:00.000Z
ORD-NORM-313,1130,CUST-NORM-313,2026-09-01T10:00:00.000Z
ORD-NORM-314,1140,CUST-NORM-314,2026-09-01T10:00:00.000Z
ORD-NORM-315,1150,CUST-NORM-315,2026-09-01T10:00:00.000Z
ORD-NORM-316,1160,CUST-NORM-316,2026-09-01T10:00:00.000Z
ORD-NORM-317,1170,CUST-NORM-317,2026-09-01T10:00:00.000Z
ORD-NORM-318,1180,CUST-NORM-318,2026-09-01T10:00:00.000Z
ORD-NORM-319,1190,CUST-NORM-319,2026-09-01T10:00:00.000Z
ORD-NORM-320,1200,CUST-NORM-320,2026-09-01T10:00:00.000Z
ORD-NORM-321,1210,CUST-NORM-321,2026-09-01T10:00:00.000Z
ORD-NORM-322,1220,CUST-NORM-322,2026-09-01T10:00:00.000Z
ORD-NORM-323,1230,CUST-NORM-323,2026-09-01T10:00:00.000Z
ORD-NORM-324,1240,CUST-NORM-324,2026-09-01T10:00:00.000Z
ORD-NORM-325,1250,CUST-NORM-325,2026-09-01T10:00:00.000Z
ORD-NORM-326,1260,CUST-NORM-326,2026-09-01T10:00:00.000Z
ORD-NORM-327,1270,CUST-NORM-327,2026-09-01T10:00:00.000Z
ORD-NORM-328,1280,CUST-NORM-328,2026-09-01T10:00:00.000Z
ORD-NORM-329,1290,CUST-NORM-329,2026-09-01T10:00:00.000Z
ORD-NORM-330,1300,CUST-NORM-330,2026-09-01T10:00:00.000Z
ORD-NORM-331,1310,CUST-NORM-331,2026-09-01T10:00:00.000Z
ORD-NORM-332,1320,CUST-NORM-332,2026-09-01T10:00:00.000Z
ORD-NORM-333,1330,CUST-NORM-333,2026-09-01T10:00:00.000Z
ORD-NORM-334,1340,CUST-NORM-334,2026-09-01T10:00:00.000Z
ORD-NORM-335,1350,CUST-NORM-335,2026-09-01T10:00:00.000Z
ORD-NORM-336,1360,CUST-NORM-336,2026-09-01T10:00:00.000Z
ORD-NORM-337,1370,CUST-NORM-337,2026-09-01T10:00:00.000Z
ORD-NORM-338,1380,CUST-NORM-338,2026-09-01T10:00:00.000Z
ORD-NORM-339,1390,CUST-NORM-339,2026-09-01T10:00:00.000Z
ORD-NORM-340,1400,CUST-NORM-340,2026-09-01T10:00:00.000Z
ORD-NORM-341,1410,CUST-NORM-341,2026-09-01T10:00:00.000Z
ORD-NORM-342,1420,CUST-NORM-342,2026-09-01T10:00:00.000Z
ORD-NORM-343,1430,CUST-NORM-343,2026-09-01T10:00:00.000Z
ORD-NORM-344,1440,CUST-NORM-344,2026-09-01T10:00:00.000Z
ORD-NORM-345,1450,CUST-NORM-345,2026-09-01T10:00:00.000Z
ORD-NORM-346,1460,CUST-NORM-346,2026-09-01T10:00:00.000Z
ORD-NORM-347,1470,CUST-NORM-347,2026-09-01T10:00:00.000Z
ORD-NORM-348,1480,CUST-NORM-348,2026-09-01T10:00:00.000Z
ORD-NORM-349,1490,CUST-NORM-349,2026-09-01T10:00:00.000Z
ORD-NORM-350,1500,CUST-NORM-350,2026-09-01T10:00:00.000Z
ORD-NORM-351,1510,CUST-NORM-351,2026-09-01T10:00:00.000Z
ORD-NORM-352,1520,CUST-NORM-352,2026-09-01T10:00:00.000Z
ORD-NORM-353,1530,CUST-NORM-353,2026-09-01T10:00:00.000Z
ORD-NORM-354,1540,CUST-NORM-354,2026-09-01T10:00:00.000Z
ORD-NORM-355,1550,CUST-NORM-355,2026-09-01T10:00:00.000Z
ORD-NORM-356,1560,CUST-NORM-356,2026-09-01T10:00:00.000Z
ORD-NORM-357,1570,CUST-NORM-357,2026-09-01T10:00:00.000Z
ORD-NORM-358,1580,CUST-NORM-358,2026-09-01T10:00:00.000Z
ORD-NORM-359,1590,CUST-NORM-359,2026-09-01T10:00:00.000Z
ORD-NORM-360,1600,CUST-NORM-360,2026-09-01T10:00:00.000Z
ORD-NORM-361,1610,CUST-NORM-361,2026-09-01T10:00:00.000Z
ORD-NORM-362,1620,CUST-NORM-362,2026-09-01T10:00:00.000Z
ORD-NORM-363,1630,CUST-NORM-363,2026-09-01T10:00:00.000Z
ORD-NORM-364,1640,CUST-NORM-364,2026-09-01T10:00:00.000Z
ORD-NORM-365,1650,CUST-NORM-365,2026-09-01T10:00:00.000Z
ORD-NORM-366,1660,CUST-NORM-366,2026-09-01T10:00:00.000Z
ORD-NORM-367,1670,CUST-NORM-367,2026-09-01T10:00:00.000Z
ORD-NORM-368,1680,CUST-NORM-368,2026-09-01T10:00:00.000Z
ORD-NORM-369,1690,CUST-NORM-369,2026-09-01T10:00:00.000Z
ORD-NORM-370,1700,CUST-NORM-370,2026-09-01T10:00:00.000Z
ORD-NORM-371,1710,CUST-NORM-371,2026-09-01T10:00:00.000Z
ORD-NORM-372,1720,CUST-NORM-372,2026-09-01T10:00:00.000Z
ORD-NORM-373,1730,CUST-NORM-373,2026-09-01T10:00:00.000Z
ORD-NORM-374,1740,CUST-NORM-374,2026-09-01T10:00:00.000Z
ORD-NORM-375,1750,CUST-NORM-375,2026-09-01T10:00:00.000Z
ORD-NORM-376,1760,CUST-NORM-376,2026-09-01T10:00:00.000Z
ORD-NORM-377,1770,CUST-NORM-377,2026-09-01T10:00:00.000Z
ORD-NORM-378,1780,CUST-NORM-378,2026-09-01T10:00:00.000Z
ORD-NORM-379,1790,CUST-NORM-379,2026-09-01T10:00:00.000Z
ORD-NORM-380,1800,CUST-NORM-380,2026-09-01T10:00:00.000Z
ORD-NORM-381,1810,CUST-NORM-381,2026-09-01T10:00:00.000Z
ORD-NORM-382,1820,CUST-NORM-382,2026-09-01T10:00:00.000Z
ORD-NORM-383,1830,CUST-NORM-383,2026-09-01T10:00:00.000Z
ORD-NORM-384,1840,CUST-NORM-384,2026-09-01T10:00:00.000Z
ORD-NORM-385,1850,CUST-NORM-385,2026-09-01T10:00:00.000Z
ORD-NORM-386,1860,CUST-NORM-386,2026-09-01T10:00:00.000Z
ORD-NORM-387,1870,CUST-NORM-387,2026-09-01T10:00:00.000Z
ORD-NORM-388,1880,CUST-NORM-388,2026-09-01T10:00:00.000Z
ORD-NORM-389,1890,CUST-NORM-389,2026-09-01T10:00:00.000Z
ORD-NORM-390,1900,CUST-NORM-390,2026-09-01T10:00:00.000Z
ORD-NORM-391,1910,CUST-NORM-391,2026-09-01T10:00:00.000Z
ORD-NORM-392,1920,CUST-NORM-392,2026-09-01T10:00:00.000Z
ORD-NORM-393,1930,CUST-NORM-393,2026-09-01T10:00:00.000Z
ORD-NORM-394,1940,CUST-NORM-394,2026-09-01T10:00:00.000Z
ORD-NORM-395,1950,CUST-NORM-395,2026-09-01T10:00:00.000Z
ORD-NORM-396,1960,CUST-NORM-396,2026-09-01T10:00:00.000Z
ORD-NORM-397,1970,CUST-NORM-397,2026-09-01T10:00:00.000Z
ORD-NORM-398,1980,CUST-NORM-398,2026-09-01T10:00:00.000Z
ORD-NORM-399,1990,CUST-NORM-399,2026-09-01T10:00:00.000Z
ORD-NORM-400,1000,CUST-NORM-400,2026-09-01T10:00:00.000Z
ORD-NORM-401,1010,CUST-NORM-401,2026-09-01T10:00:00.000Z
ORD-NORM-402,1020,CUST-NORM-402,2026-09-01T10:00:00.000Z
ORD-NORM-403,1030,CUST-NORM-403,2026-09-01T10:00:00.000Z
ORD-NORM-404,1040,CUST-NORM-404,2026-09-01T10:00:00.000Z
ORD-NORM-405,1050,CUST-NORM-405,2026-09-01T10:00:00.000Z
ORD-NORM-406,1060,CUST-NORM-406,2026-09-01T10:00:00.000Z
ORD-NORM-407,1070,CUST-NORM-407,2026-09-01T10:00:00.000Z
ORD-NORM-408,1080,CUST-NORM-408,2026-09-01T10:00:00.000Z
ORD-NORM-409,1090,CUST-NORM-409,2026-09-01T10:00:00.000Z
ORD-NORM-410,1100,CUST-NORM-410,2026-09-01T10:00:00.000Z
ORD-NORM-411,1110,CUST-NORM-411,2026-09-01T10:00:00.000Z
ORD-NORM-412,1120,CUST-NORM-412,2026-09-01T10:00:00.000Z
ORD-NORM-413,1130,CUST-NORM-413,2026-09-01T10:00:00.000Z
ORD-NORM-414,1140,CUST-NORM-414,2026-09-01T10:00:00.000Z
ORD-NORM-415,1150,CUST-NORM-415,2026-09-01T10:00:00.000Z
ORD-NORM-416,1160,CUST-NORM-416,2026-09-01T10:00:00.000Z
ORD-NORM-417,1170,CUST-NORM-417,2026-09-01T10:00:00.000Z
ORD-NORM-418,1180,CUST-NORM-418,2026-09-01T10:00:00.000Z
ORD-NORM-419,1190,CUST-NORM-419,2026-09-01T10:00:00.000Z
ORD-NORM-420,1200,CUST-NORM-420,2026-09-01T10:00:00.000Z
ORD-NORM-421,1210,CUST-NORM-421,2026-09-01T10:00:00.000Z
ORD-NORM-422,1220,CUST-NORM-422,2026-09-01T10:00:00.000Z
ORD-NORM-423,1230,CUST-NORM-423,2026-09-01T10:00:00.000Z
ORD-NORM-424,1240,CUST-NORM-424,2026-09-01T10:00:00.000Z
ORD-NORM-425,1250,CUST-NORM-425,2026-09-01T10:00:00.000Z
ORD-NORM-426,1260,CUST-NORM-426,2026-09-01T10:00:00.000Z
ORD-NORM-427,1270,CUST-NORM-427,2026-09-01T10:00:00.000Z
ORD-NORM-428,1280,CUST-NORM-428,2026-09-01T10:00:00.000Z
ORD-NORM-429,1290,CUST-NORM-429,2026-09-01T10:00:00.000Z
ORD-NORM-430,1300,CUST-NORM-430,2026-09-01T10:00:00.000Z
ORD-NORM-431,1310,CUST-NORM-431,2026-09-01T10:00:00.000Z
ORD-NORM-432,1320,CUST-NORM-432,2026-09-01T10:00:00.000Z
ORD-NORM-433,1330,CUST-NORM-433,2026-09-01T10:00:00.000Z
ORD-NORM-434,1340,CUST-NORM-434,2026-09-01T10:00:00.000Z
ORD-NORM-435,1350,CUST-NORM-435,2026-09-01T10:00:00.000Z
ORD-NORM-436,1360,CUST-NORM-436,2026-09-01T10:00:00.000Z
ORD-NORM-437,1370,CUST-NORM-437,2026-09-01T10:00:00.000Z
ORD-NORM-438,1380,CUST-NORM-438,2026-09-01T10:00:00.000Z
ORD-NORM-439,1390,CUST-NORM-439,2026-09-01T10:00:00.000Z
ORD-NORM-440,1400,CUST-NORM-440,2026-09-01T10:00:00.000Z
ORD-NORM-441,1410,CUST-NORM-441,2026-09-01T10:00:00.000Z
ORD-NORM-442,1420,CUST-NORM-442,2026-09-01T10:00:00.000Z
ORD-NORM-443,1430,CUST-NORM-443,2026-09-01T10:00:00.000Z
ORD-NORM-444,1440,CUST-NORM-444,2026-09-01T10:00:00.000Z
ORD-NORM-445,1450,CUST-NORM-445,2026-09-01T10:00:00.000Z
ORD-NORM-446,1460,CUST-NORM-446,2026-09-01T10:00:00.000Z
ORD-NORM-447,1470,CUST-NORM-447,2026-09-01T10:00:00.000Z
ORD-NORM-448,1480,CUST-NORM-448,2026-09-01T10:00:00.000Z
ORD-NORM-449,1490,CUST-NORM-449,2026-09-01T10:00:00.000Z
ORD-NORM-450,1500,CUST-NORM-450,2026-09-01T10:00:00.000Z
ORD-NORM-451,1510,CUST-NORM-451,2026-09-01T10:00:00.000Z
ORD-NORM-452,1520,CUST-NORM-452,2026-09-01T10:00:00.000Z
ORD-NORM-453,1530,CUST-NORM-453,2026-09-01T10:00:00.000Z
ORD-NORM-454,1540,CUST-NORM-454,2026-09-01T10:00:00.000Z
ORD-NORM-455,1550,CUST-NORM-455,2026-09-01T10:00:00.000Z
ORD-NORM-456,1560,CUST-NORM-456,2026-09-01T10:00:00.000Z
ORD-NORM-457,1570,CUST-NORM-457,2026-09-01T10:00:00.000Z
ORD-NORM-458,1580,CUST-NORM-458,2026-09-01T10:00:00.000Z
ORD-NORM-459,1590,CUST-NORM-459,2026-09-01T10:00:00.000Z
ORD-NORM-460,1600,CUST-NORM-460,2026-09-01T10:00:00.000Z
ORD-NORM-461,1610,CUST-NORM-461,2026-09-01T10:00:00.000Z
ORD-NORM-462,1620,CUST-NORM-462,2026-09-01T10:00:00.000Z
ORD-NORM-463,1630,CUST-NORM-463,2026-09-01T10:00:00.000Z
ORD-NORM-464,1640,CUST-NORM-464,2026-09-01T10:00:00.000Z
ORD-NORM-465,1650,CUST-NORM-465,2026-09-01T10:00:00.000Z
ORD-NORM-466,1660,CUST-NORM-466,2026-09-01T10:00:00.000Z
ORD-NORM-467,1670,CUST-NORM-467,2026-09-01T10:00:00.000Z
ORD-NORM-468,1680,CUST-NORM-468,2026-09-01T10:00:00.000Z
ORD-NORM-469,1690,CUST-NORM-469,2026-09-01T10:00:00.000Z
ORD-NORM-470,1700,CUST-NORM-470,2026-09-01T10:00:00.000Z
ORD-NORM-471,1710,CUST-NORM-471,2026-09-01T10:00:00.000Z
ORD-NORM-472,1720,CUST-NORM-472,2026-09-01T10:00:00.000Z
ORD-NORM-473,1730,CUST-NORM-473,2026-09-01T10:00:00.000Z
ORD-NORM-474,1740,CUST-NORM-474,2026-09-01T10:00:00.000Z
ORD-NORM-475,1750,CUST-NORM-475,2026-09-01T10:00:00.000Z
ORD-NORM-476,1760,CUST-NORM-476,2026-09-01T10:00:00.000Z
ORD-NORM-477,1770,CUST-NORM-477,2026-09-01T10:00:00.000Z
ORD-NORM-478,1780,CUST-NORM-478,2026-09-01T10:00:00.000Z
ORD-NORM-479,1790,CUST-NORM-479,2026-09-01T10:00:00.000Z
ORD-NORM-480,1800,CUST-NORM-480,2026-09-01T10:00:00.000Z
ORD-NORM-481,1810,CUST-NORM-481,2026-09-01T10:00:00.000Z
ORD-NORM-482,1820,CUST-NORM-482,2026-09-01T10:00:00.000Z
ORD-NORM-483,1830,CUST-NORM-483,2026-09-01T10:00:00.000Z
ORD-NORM-484,1840,CUST-NORM-484,2026-09-01T10:00:00.000Z
ORD-NORM-485,1850,CUST-NORM-485,2026-09-01T10:00:00.000Z
ORD-NORM-486,1860,CUST-NORM-486,2026-09-01T10:00:00.000Z
ORD-NORM-487,1870,CUST-NORM-487,2026-09-01T10:00:00.000Z
ORD-NORM-488,1880,CUST-NORM-488,2026-09-01T10:00:00.000Z
ORD-NORM-489,1890,CUST-NORM-489,2026-09-01T10:00:00.000Z
ORD-NORM-490,1900,CUST-NORM-490,2026-09-01T10:00:00.000Z
ORD-NORM-491,1910,CUST-NORM-491,2026-09-01T10:00:00.000Z
ORD-NORM-492,1920,CUST-NORM-492,2026-09-01T10:00:00.000Z
ORD-NORM-493,1930,CUST-NORM-493,2026-09-01T10:00:00.000Z
ORD-NORM-494,1940,CUST-NORM-494,2026-09-01T10:00:00.000Z
ORD-NORM-495,1950,CUST-NORM-495,2026-09-01T10:00:00.000Z
ORD-NORM-496,1960,CUST-NORM-496,2026-09-01T10:00:00.000Z
ORD-NORM-497,1970,CUST-NORM-497,2026-09-01T10:00:00.000Z
ORD-NORM-498,1980,CUST-NORM-498,2026-09-01T10:00:00.000Z
ORD-NORM-499,1990,CUST-NORM-499,2026-09-01T10:00:00.000Z
ORD-NORM-500,1000,CUST-NORM-500,2026-09-01T10:00:00.000Z
ORD-ORPHAN-001,5000,CUST-ORPHAN,2026-09-01T10:00:00.000Z
ORD-DUPPAY-002,7500,CUST-DUP,2026-09-01T10:00:00.000Z
ORD-FEECREEP-003,3000,CUST-FEE,2026-09-01T10:00:00.000Z
ORD-NOBANK-004,4200,CUST-NOBANK,2026-09-01T10:00:00.000Z