payment_id,order_id,captured_amount,fee,tax,captured_at
PAY-NORM-1,ORD-NORM-1,1010,20,3,2026-09-01T10:00:00.000Z
PAY-NORM-2,ORD-NORM-2,1020,20,3,2026-09-01T10:00:00.000Z
PAY-NORM-3,ORD-NORM-3,1030,20,3,2026-09-01T10:00:00.000Z
PAY-NORM-4,ORD-NORM-4,1040,20,3,2026-09-01T10:00:00.000Z
PAY-NORM-5,ORD-NORM-5,1050,21,3,2026-09-01T10:00:00.000Z
PAY-NORM-6,ORD-NORM-6,1060,21,3,2026-09-01T10:00:00.000Z
PAY-NORM-7,ORD-NORM-7,1070,21,3,2026-09-01T10:00:00.000Z
PAY-NORM-8,ORD-NORM-8,1080,21,3,2026-09-01T10:00:00.000Z
PAY-NORM-9,ORD-NORM-9,1090,21,3,2026-09-01T10:00:00.000Z
PAY-NORM-10,ORD-NORM-10,1100,22,3,2026-09-01T10:00:00.000Z
PAY-NORM-11,ORD-NORM-11,1110,22,3,2026-09-01T10:00:00.000Z
PAY-NORM-12,ORD-NORM-12,1120,22,3,2026-09-01T10:00:00.000Z
PAY-NORM-13,ORD-NORM-13,1130,22,3,2026-09-01T10:00:00.000Z
PAY-NORM-14,ORD-NORM-14,1140,22,3,2026-09-01T10:00:00.000Z
PAY-NORM-15,ORD-NORM-15,1150,23,4,2026-09-01T10:00:00.000Z
PAY-NORM-16,ORD-NORM-16,1160,23,4,2026-09-01T10:00:00.000Z
PAY-NORM-17,ORD-NORM-17,1170,23,4,2026-09-01T10:00:00.000Z
PAY-NORM-18,ORD-NORM-18,1180,23,4,2026-09-01T10:00:00.000Z
PAY-NORM-19,ORD-NORM-19,1190,23,4,2026-09-01T10:00:00.000Z
PAY-NORM-20,ORD-NORM-20,1200,24,4,2026-09-01T10:00:00.000Z
PAY-NORM-21,ORD-NORM-21,1210,24,4,2026-09-01T10:00:00.000Z
PAY-NORM-22,ORD-NORM-22,1220,24,4,2026-09-01T10:00:00.000Z
PAY-NORM-23,ORD-NORM-23,1230,24,4,2026-09-01T10:00:00.000Z
PAY-NORM-24,ORD-NORM-24,1240,24,4,2026-09-01T10:00:00.000Z
PAY-NORM-25,ORD-NORM-25,1250,25,4,2026-09-01T10:00:00.000Z
PAY-NORM-26,ORD-NORM-26,1260,25,4,2026-09-01T10:00:00.000Z
PAY-NORM-27,ORD-NORM-27,1270,25,4,2026-09-01T10:00:00.000Z
PAY-NORM-28,ORD-NORM-28,1280,25,4,2026-09-01T10:00:00.000Z
PAY-NORM-29,ORD-NORM-29,1290,25,4,2026-09-01T10:00:00.000Z
PAY-NORM-30,ORD-NORM-30,1300,26,4,2026-09-01T10:00:00.000Z
PAY-NORM-31,ORD-NORM-31,1310,26,4,2026-09-01T10:00:00.000Z
PAY-NORM-32,ORD-NORM-32,1320,26,4,2026-09-01T10:00:00.000Z
PAY-NORM-33,ORD-NORM-33,1330,26,4,2026-09-01T10:00:00.000Z
PAY-NORM-34,ORD-NORM-34,1340,26,4,2026-09-01T10:00:00.000Z
PAY-NORM-35,ORD-NORM-35,1350,27,4,2026-09-01T10:00:00.000Z
PAY-NORM-36,ORD-NORM-36,1360,27,4,2026-09-01T10:00:00.000Z
PAY-NORM-37,ORD-NORM-37,1370,27,4,2026-09-01T10:00:00.000Z
PAY-NORM-38,ORD-NORM-38,1380,27,4,2026-09-01T10:00:00.000Z
PAY-NORM-39,ORD-NORM-39,1390,27,4,2026-09-01T10:00:00.000Z
PAY-NORM-40,ORD-NORM-40,1400,28,5,2026-09-01T10:00:00.000Z
PAY-NORM-41,ORD-NORM-41,1410,28,5,2026-09-01T10:00:00.000Z
PAY-NORM-42,ORD-NORM-42,1420,28,5,2026-09-01T10:00:00.000Z
PAY-NORM-43,ORD-NORM-43,1430,28,5,2026-09-01T10:00:00.000Z
PAY-NORM-44,ORD-NORM-44,1440,28,5,2026-09-01T10:00:00.000Z
PAY-NORM-45,ORD-NORM-45,1450,29,5,2026-09-01T10:00:00.000Z
PAY-NORM-46,ORD-NORM-46,1460,29,5,2026-09-01T10:00:00.000Z
PAY-NORM-47,ORD-NORM-47,1470,29,5,2026-09-01T10:00:00.000Z
PAY-NORM-48,ORD-NORM-48,1480,29,5,2026-09-01T10:00:00.000Z
PAY-NORM-49,ORD-NORM-49,1490,29,5,2026-09-01T10:00:00.000Z
PAY-NORM-50,ORD-NORM-50,1500,30,5,2026-09-01T10:00:00.000Z
PAY-NORM-51,ORD-NORM-51,1510,30,5,2026-09-01T10:00:00.000Z
PAY-NORM-52,ORD-NORM-52,1520,30,5,2026-09-01T10:00:00.000Z
PAY-NORM-53,ORD-NORM-53,1530,30,5,2026-09-01T10:00:00.000Z
PAY-NORM-54,ORD-NORM-54,1540,30,5,2026-09-01T10:00:00.000Z
PAY-NORM-55,ORD-NORM-55,1550,31,5,2026-09-01T10:00:00.000Z
PAY-NORM-56,ORD-NORM-56,1560,31,5,2026-09-01T10:00:00.000Z
PAY-NORM-57,ORD-NORM-57,1570,31,5,2026-09-01T10:00:00.000Z
PAY-NORM-58,ORD-NORM-58,1580,31,5,2026-09-01T10:00:00.000Z
PAY-NORM-59,ORD-NORM-59,1590,31,5,2026-09-01T10:00:00.000Z
PAY-NORM-60,ORD-NORM-60,1600,32,5,2026-09-01T10:00:00.000Z
PAY-NORM-61,ORD-NORM-61,1610,32,5,2026-09-01T10:00:00.000Z
PAY-NORM-62,ORD-NORM-62,1620,32,5,2026-09-01T10:00:00.000Z
PAY-NORM-63,ORD-NORM-63,1630,32,5,2026-09-01T10:00:00.000Z
PAY-NORM-64,ORD-NORM-64,1640,32,5,2026-09-01T10:00:00.000Z
PAY-NORM-65,ORD-NORM-65,1650,33,5,2026-09-01T10:00:00.000Z
PAY-NORM-66,ORD-NORM-66,1660,33,5,2026-09-01T10:00:00.000Z
PAY-NORM-67,ORD-NORM-67,1670,33,5,2026-09-01T10:00:00.000Z
PAY-NORM-68,ORD-NORM-68,1680,33,5,2026-09-01T10:00:00.000Z
PAY-NORM-69,ORD-NORM-69,1690,33,5,2026-09-01T10:00:00.000Z
PAY-NORM-70,ORD-NORM-70,1700,34,6,2026-09-01T10:00:00.000Z
PAY-NORM-71,ORD-NORM-71,1710,34,6,2026-09-01T10:00:00.000Z
PAY-NORM-72,ORD-NORM-72,1720,34,6,2026-09-01T10:00:00.000Z
PAY-NORM-73,ORD-NORM-73,1730,34,6,2026-09-01T10:00:00.000Z
PAY-NORM-74,ORD-NORM-74,1740,34,6,2026-09-01T10:00:00.000Z
PAY-NORM-75,ORD-NORM-75,1750,35,6,2026-09-01T10:00:00.000Z
PAY-NORM-76,ORD-NORM-76,1760,35,6,2026-09-01T10:00:00.000Z
PAY-NORM-77,ORD-NORM-77,1770,35,6,2026-09-01T10:00:00.000Z
PAY-NORM-78,ORD-NORM-78,1780,35,6,2026-09-01T10:00:00.000Z
PAY-NORM-79,ORD-NORM-79,1790,35,6,2026-09-01T10:00:00.000Z
PAY-NORM-80,ORD-NORM-80,1800,36,6,2026-09-01T10:00:00.000Z
PAY-NORM-81,ORD-NORM-81,1810,36,6,2026-09-01T10:00:00.000Z
PAY-NORM-82,ORD-NORM-82,1820,36,6,2026-09-01T10:00:00.000Z
PAY-NORM-83,ORD-NORM-83,1830,36,6,2026-09-01T10:00:00.000Z
PAY-NORM-84,ORD-NORM-84,1840,36,6,2026-09-01T10:00:00.000Z
PAY-NORM-85,ORD-NORM-85,1850,37,6,2026-09-01T10:00:00.000Z
PAY-NORM-86,ORD-NORM-86,1860,37,6,2026-09-01T10:00:00.000Z
PAY-NORM-87,ORD-NORM-87,1870,37,6,2026-09-01T10:00:00.000Z
PAY-NORM-88,ORD-NORM-88,1880,37,6,2026-09-01T10:00:00.000Z
PAY-NORM-89,ORD-NORM-89,1890,37,6,2026-09-01T10:00:00.000Z
PAY-NORM-90,ORD-NORM-90,1900,38,6,2026-09-01T10:00:00.000Z
PAY-NORM-91,ORD-NORM-91,1910,38,6,2026-09-01T10:00:00.000Z
PAY-NORM-92,ORD-NORM-92,1920,38,6,2026-09-01T10:00:00.000Z
PAY-NORM-93,ORD-NORM-93,1930,38,6,2026-09-01T10:00:00.000Z
PAY-NORM-94,ORD-NORM-94,1940,38,6,2026-09-01T10:00:00.000Z
PAY-NORM-95,ORD-NORM-95,1950,39,7,2026-09-01T10:00:00.000Z
PAY-NORM-96,ORD-NORM-96,1960,39,7,2026-09-01T10:00:00.000Z
PAY-NORM-97,ORD-NORM-97,1970,39,7,2026-09-01T10:00:00.000Z
PAY-NORM-98,ORD-NORM-98,1980,39,7,2026-09-01T10:00:00.000Z
PAY-NORM-99,ORD-NORM-99,1990,39,7,2026-09-01T10:00:00.000Z
PAY-NORM-100,ORD-NORM-100,1000,20,3,2026-09-01T10:00:00.000Z
PAY-NORM-101,ORD-NORM-101,1010,20,3,2026-09-01T10:00:00.000Z
PAY-NORM-102,ORD-NORM-102,1020,20,3,2026-09-01T10:00:00.000Z
PAY-NORM-103,ORD-NORM-103,1030,20,3,2026-09-01T10:00:00.000Z
PAY-NORM-104,ORD-NORM-104,1040,20,3,2026-09-01T10:00:00.000Z
PAY-NORM-105,ORD-NORM-105,1050,21,3,2026-09-01T10:00:00.000Z
PAY-NORM-106,ORD-NORM-106,1060,21,3,2026-09-01T10:00:00.000Z
PAY-NORM-107,ORD-NORM-107,1070,21,3,2026-09-01T10:00:00.000Z
PAY-NORM-108,ORD-NORM-108,1080,21,3,2026-09-01T10:00:00.000Z
PAY-NORM-109,ORD-NORM-109,1090,21,3,2026-09-01T10:00:00.000Z
PAY-NORM-110,ORD-NORM-110,1100,22,3,2026-09-01T10:00:00.000Z
PAY-NORM-111,ORD-NORM-111,1110,22,3,2026-09-01T10:00:00.000Z
PAY-NORM-112,ORD-NORM-112,1120,22,3,2026-09-01T10:00:00.000Z
PAY-NORM-113,ORD-NORM-113,1130,22,3,2026-09-01T10:00:00.000Z
PAY-NORM-114,ORD-NORM-114,1140,22,3,2026-09-01T10:00:00.000Z
PAY-NORM-115,ORD-NORM-115,1150,23,4,2026-09-01T10:00:00.000Z
PAY-NORM-116,ORD-NORM-116,1160,23,4,2026-09-01T10:00:00.000Z
PAY-NORM-117,ORD-NORM-117,1170,23,4,2026-09-01T10:00:00.000Z
PAY-NORM-118,ORD-NORM-118,1180,23,4,2026-09-01T10:00:00.000Z
PAY-NORM-119,ORD-NORM-119,1190,23,4,2026-09-01T10:00:00.000Z
PAY-NORM-120,ORD-NORM-120,1200,24,4,2026-09-01T10:00:00.000Z
PAY-NORM-121,ORD-NORM-121,1210,24,4,2026-09-01T10:00:00.000Z
PAY-NORM-122,ORD-NORM-122,1220,24,4,2026-09-01T10:00:00.000Z
PAY-NORM-123,ORD-NORM-123,1230,24,4,2026-09-01T10:00:00.000Z
PAY-NORM-124,ORD-NORM-124,1240,24,4,2026-09-01T10:00:00.000Z
PAY-NORM-125,ORD-NORM-125,1250,25,4,2026-09-01T10:00:00.000Z
PAY-NORM-126,ORD-NORM-126,1260,25,4,2026-09-01T10:00:00.000Z
PAY-NORM-127,ORD-NORM-127,1270,25,4,2026-09-01T10:00:00.000Z
PAY-NORM-128,ORD-NORM-128,1280,25,4,2026-09-01T10:00:00.000Z
PAY-NORM-129,ORD-NORM-129,1290,25,4,2026-09-01T10:00:00.000Z
PAY-NORM-130,ORD-NORM-130,1300,26,4,2026-09-01T10:00:00.000Z
PAY-NORM-131,ORD-NORM-131,1310,26,4,2026-09-01T10:00:00.000Z
PAY-NORM-132,ORD-NORM-132,1320,26,4,2026-09-01T10:00:00.000Z
PAY-NORM-133,ORD-NORM-133,1330,26,4,2026-09-01T10:00:00.000Z
PAY-NORM-134,ORD-NORM-134,1340,26,4,2026-09-01T10:00:00.000Z
PAY-NORM-135,ORD-NORM-135,1350,27,4,2026-09-01T10:00:00.000Z
PAY-NORM-136,ORD-NORM-136,1360,27,4,2026-09-01T10:00:00.000Z
PAY-NORM-137,ORD-NORM-137,1370,27,4,2026-09-01T10:00:00.000Z
PAY-NORM-138,ORD-NORM-138,1380,27,4,2026-09-01T10:00:00.000Z
PAY-NORM-139,ORD-NORM-139,1390,27,4,2026-09-01T10:00:00.000Z
PAY-NORM-140,ORD-NORM-140,1400,28,5,2026-09-01T10:00:00.000Z
PAY-NORM-141,ORD-NORM-141,1410,28,5,2026-09-01T10:00:00.000Z
PAY-NORM-142,ORD-NORM-142,1420,28,5,2026-09-01T10:00:00.000Z
PAY-NORM-143,ORD-NORM-143,1430,28,5,2026-09-01T10:00:00.000Z
PAY-NORM-144,ORD-NORM-144,1440,28,5,2026-09-01T10:00:00.000Z
PAY-NORM-145,ORD-NORM-145,1450,29,5,2026-09-01T10:00:00.000Z
PAY-NORM-146,ORD-NORM-146,1460,29,5,2026-09-01T10:00:00.000Z
PAY-NORM-147,ORD-NORM-147,1470,29,5,2026-09-01T10:00:00.000Z
PAY-NORM-148,ORD-NORM-148,1480,29,5,2026-09-01T10:00:00.000Z
PAY-NORM-149,ORD-NORM-149,1490,29,5,2026-09-01T10:00:00.000Z
PAY-NORM-150,ORD-NORM-150,1500,30,5,2026-09-01T10:00:00.000Z
PAY-NORM-151,ORD-NORM-151,1510,30,5,2026-09-01T10:00:00.000Z
PAY-NORM-152,ORD-NORM-152,1520,30,5,2026-09-01T10:00:00.000Z
PAY-NORM-153,ORD-NORM-153,1530,30,5,2026-09-01T10:00:00.000Z
PAY-NORM-154,ORD-NORM-154,1540,30,5,2026-09-01T10:00:00.000Z
PAY-NORM-155,ORD-NORM-155,1550,31,5,2026-09-01T10:00:00.000Z
PAY-NORM-156,ORD-NORM-156,1560,31,5,2026-09-01T10:00:00.000Z
PAY-NORM-157,ORD-NORM-157,1570,31,5,2026-09-01T10:00:00.000Z
PAY-NORM-158,ORD-NORM-158,1580,31,5,2026-09-01T10:00:00.000Z
PAY-NORM-159,ORD-NORM-159,1590,31,5,2026-09-01T10:00:00.000Z
PAY-NORM-160,ORD-NORM-160,1600,32,5,2026-09-01T10:00:00.000Z
PAY-NORM-161,ORD-NORM-161,1610,32,5,2026-09-01T10:00:00.000Z
PAY-NORM-162,ORD-NORM-162,1620,32,5,2026-09-01T10:00:00.000Z
PAY-NORM-163,ORD-NORM-163,1630,32,5,2026-09-01T10:00:00.000Z
PAY-NORM-164,ORD-NORM-164,1640,32,5,2026-09-01T10:00:00.000Z
PAY-NORM-165,ORD-NORM-165,1650,33,5,2026-09-01T10:00:00.000Z
PAY-NORM-166,ORD-NORM-166,1660,33,5,2026-09-01T10:00:00.000Z
PAY-NORM-167,ORD-NORM-167,1670,33,5,2026-09-01T10:00:00.000Z
PAY-NORM-168,ORD-NORM-168,1680,33,5,2026-09-01T10:00:00.000Z
PAY-NORM-169,ORD-NORM-169,1690,33,5,2026-09-01T10:00:00.000Z
PAY-NORM-170,ORD-NORM-170,1700,34,6,2026-09-01T10:00:00.000Z
PAY-NORM-171,ORD-NORM-171,1710,34,6,2026-09-01T10:00:00.000Z
PAY-NORM-172,ORD-NORM-172,1720,34,6,2026-09-01T10:00:00.000Z
PAY-NORM-173,ORD-NORM-173,1730,34,6,2026-09-01T10:00:00.000Z
PAY-NORM-174,ORD-NORM-174,1740,34,6,2026-09-01T10:00:00.000Z
PAY-NORM-175,ORD-NORM-175,1750,35,6,2026-09-01T10:00:00.000Z
PAY-NORM-176,ORD-NORM-176,1760,35,6,2026-09-01T10:00:00.000Z
PAY-NORM-177,ORD-NORM-177,1770,35,6,2026-09-01T10:00:00.000Z
PAY-NORM-178,ORD-NORM-178,1780,35,6,2026-09-01T10:00:00.000Z
PAY-NORM-179,ORD-NORM-179,1790,35,6,2026-09-01T10:00:00.000Z
PAY-NORM-180,ORD-NORM-180,1800,36,6,2026-09-01T10:00:00.000Z
PAY-NORM-181,ORD-NORM-181,1810,36,6,2026-09-01T10:00:00.000Z
PAY-NORM-182,ORD-NORM-182,1820,36,6,2026-09-01T10:00:00.000Z
PAY-NORM-183,ORD-NORM-183,1830,36,6,2026-09-01T10:00:00.000Z
PAY-NORM-184,ORD-NORM-184,1840,36,6,2026-09-01T10:00:00.000Z
PAY-NORM-185,ORD-NORM-185,1850,37,6,2026-09-01T10:00:00.000Z
PAY-NORM-186,ORD-NORM-186,1860,37,6,2026-09-01T10:00:00.000Z
PAY-NORM-187,ORD-NORM-187,1870,37,6,2026-09-01T10:00:00.000Z
PAY-NORM-188,ORD-NORM-188,1880,37,6,2026-09-01T10:00:00.000Z
PAY-NORM-189,ORD-NORM-189,1890,37,6,2026-09-01T10:00:00.000Z
PAY-NORM-190,ORD-NORM-190,1900,38,6,2026-09-01T10:00:00.000Z
PAY-NORM-191,ORD-NORM-191,1910,38,6,2026-09-01T10:00:00.000Z
PAY-NORM-192,ORD-NORM-192,1920,38,6,2026-09-01T10:00:00.000Z
PAY-NORM-193,ORD-NORM-193,1930,38,6,2026-09-01T10:00:00.000Z
PAY-NORM-194,ORD-NORM-194,1940,38,6,2026-09-01T10:00:00.000Z
PAY-NORM-195,ORD-NORM-195,1950,39,7,2026-09-01T10:00:00.000Z
PAY-NORM-196,ORD-NORM-196,1960,39,7,2026-09-01T10:00:00.000Z
PAY-NORM-197,ORD-NORM-197,1970,39,7,2026-09-01T10:00:00.000Z
PAY-NORM-198,ORD-NORM-198,1980,39,7,2026-09-01T10:00:00.000Z
PAY-NORM-199,ORD-NORM-199,1990,39,7,2026-09-01T10:00:00.000Z
PAY-NORM-200,ORD-NORM-200,1000,20,3,2026-09-01T10:00:00.000Z
PAY-NORM-201,ORD-NORM-201,1010,20,3,2026-09-01T10:00:00.000Z
PAY-NORM-202,ORD-NORM-202,1020,20,3,2026-09-01T10:00:00.000Z
PAY-NORM-203,ORD-NORM-203,1030,20,3,2026-09-01T10:00:00.000Z
PAY-NORM-204,ORD-NORM-204,1040,20,3,2026-09-01T10:00:00.000Z
PAY-NORM-205,ORD-NORM-205,1050,21,3,2026-09-01T10:00:00.000Z
PAY-NORM-206,ORD-NORM-206,1060,21,3,2026-09-01T10:00:00.000Z
PAY-NORM-207,ORD-NORM-207,1070,21,3,2026-09-01T10:00:00.000Z
PAY-NORM-208,ORD-NORM-208,1080,21,3,2026-09-01T10:00:00.000Z
PAY-NORM-209,ORD-NORM-209,1090,21,3,2026-09-01T10:00:00.000Z
PAY-NORM-210,ORD-NORM-210,1100,22,3,2026-09-01T10:00:00.000Z
PAY-NORM-211,ORD-NORM-211,1110,22,3,2026-09-01T10:00:00.000Z
PAY-NORM-212,ORD-NORM-212,1120,22,3,2026-09-01T10:00:00.000Z
PAY-NORM-213,ORD-NORM-213,1130,22,3,2026-09-01T10:00:00.000Z
PAY-NORM-214,ORD-NORM-214,1140,22,3,2026-09-01T10:00:00.000Z
PAY-NORM-215,ORD-NORM-215,1150,23,4,2026-09-01T10:00:00.000Z
PAY-NORM-216,ORD-NORM-216,1160,23,4,2026-09-01T10:00:00.000Z
PAY-NORM-217,ORD-NORM-217,1170,23,4,2026-09-01T10:00:00.000Z
PAY-NORM-218,ORD-NORM-218,1180,23,4,2026-09-01T10:00:00.000Z
PAY-NORM-219,ORD-NORM-219,1190,23,4,2026-09-01T10:00:00.000Z
PAY-NORM-220,ORD-NORM-220,1200,24,4,2026-09-01T10:00:00.000Z
PAY-NORM-221,ORD-NORM-221,1210,24,4,2026-09-01T10:00:00.000Z
PAY-NORM-222,ORD-NORM-222,1220,24,4,2026-09-01T10:00:00.000Z
PAY-NORM-223,ORD-NORM-223,1230,24,4,2026-09-01T10:00:00.000Z
PAY-NORM-224,ORD-NORM-224,1240,24,4,2026-09-01T10:00:00.000Z
PAY-NORM-225,ORD-NORM-225,1250,25,4,2026-09-01T10:00:00.000Z
PAY-NORM-226,ORD-NORM-226,1260,25,4,2026-09-01T10:00:00.000Z
PAY-NORM-227,ORD-NORM-227,1270,25,4,2026-09-01T10:00:00.000Z
PAY-NORM-228,ORD-NORM-228,1280,25,4,2026-09-01T10:00:00.000Z
PAY-NORM-229,ORD-NORM-229,1290,25,4,2026-09-01T10:00:00.000Z
PAY-NORM-230,ORD-NORM-230,1300,26,4,2026-09-01T10:00:00.000Z
PAY-NORM-231,ORD-NORM-231,1310,26,4,2026-09-01T10:00:00.000Z
PAY-NORM-232,ORD-NORM-232,1320,26,4,2026-09-01T10:00:00.000Z
PAY-NORM-233,ORD-NORM-233,1330,26,4,2026-09-01T10:00:00.000Z
PAY-NORM-234,ORD-NORM-234,1340,26,4,2026-09-01T10:00:00.000Z
PAY-NORM-235,ORD-NORM-235,1350,27,4,2026-09-01T10:00:00.000Z
PAY-NORM-236,ORD-NORM-236,1360,27,4,2026-09-01T10:00:00.000Z
PAY-NORM-237,ORD-NORM-237,1370,27,4,2026-09-01T10:00:00.000Z
PAY-NORM-238,ORD-NORM-238,1380,27,4,2026-09-01T10:00:00.000Z
PAY-NORM-239,ORD-NORM-239,1390,27,4,2026-09-01T10:00:00.000Z
PAY-NORM-240,ORD-NORM-240,1400,28,5,2026-09-01T10:00:00.000Z
PAY-NORM-241,ORD-NORM-241,1410,28,5,2026-09-01T10:00:00.000Z
PAY-NORM-242,ORD-NORM-242,1420,28,5,2026-09-01T10:00:00.000Z
PAY-NORM-243,ORD-NORM-243,1430,28,5,2026-09-01T10:00:00.000Z
PAY-NORM-244,ORD-NORM-244,1440,28,5,2026-09-01T10:00:00.000Z
PAY-NORM-245,ORD-NORM-245,1450,29,5,2026-09-01T10:00:00.000Z
PAY-NORM-246,ORD-NORM-246,1460,29,5,2026-09-01T10:00:00.000Z
PAY-NORM-247,ORD-NORM-247,1470,29,5,2026-09-01T10:00:00.000Z
PAY-NORM-248,ORD-NORM-248,1480,29,5,2026-09-01T10:00:00.000Z
PAY-NORM-249,ORD-NORM-249,1490,29,5,2026-09-01T10:00:00.000Z
PAY-NORM-250,ORD-NORM-250,1500,30,5,2026-09-01T10:00:00.000Z
PAY-NORM-251,ORD-NORM-251,1510,30,5,2026-09-01T10:00:00.000Z
PAY-NORM-252,ORD-NORM-252,1520,30,5,2026-09-01T10:00:00.000Z
PAY-NORM-253,ORD-NORM-253,1530,30,5,2026-09-01T10:00:00.000Z
PAY-NORM-254,ORD-NORM-254,1540,30,5,2026-09-01T10:00:00.000Z
PAY-NORM-255,ORD-NORM-255,1550,31,5,2026-09-01T10:00:00.000Z
PAY-NORM-256,ORD-NORM-256,1560,31,5,2026-09-01T10:00:00.000Z
PAY-NORM-257,ORD-NORM-257,1570,31,5,2026-09-01T10:00:00.000Z
PAY-NORM-258,ORD-NORM-258,1580,31,5,2026-09-01T10:00:00.000Z
PAY-NORM-259,ORD-NORM-259,1590,31,5,2026-09-01T10:00:00.000Z
PAY-NORM-260,ORD-NORM-260,1600,32,5,2026-09-01T10:00:00.000Z
PAY-NORM-261,ORD-NORM-261,1610,32,5,2026-09-01T10:00:00.000Z
PAY-NORM-262,ORD-NORM-262,1620,32,5,2026-09-01T10:00:00.000Z
PAY-NORM-263,ORD-NORM-263,1630,32,5,2026-09-01T10:00:00.000Z
PAY-NORM-264,ORD-NORM-264,1640,32,5,2026-09-01T10:00:00.000Z
PAY-NORM-265,ORD-NORM-265,1650,33,5,2026-09-01T10:00:00.000Z
PAY-NORM-266,ORD-NORM-266,1660,33,5,2026-09-01T10:00:00.000Z
PAY-NORM-267,ORD-NORM-267,1670,33,5,2026-09-01T10:00:00.000Z
PAY-NORM-268,ORD-NORM-268,1680,33,5,2026-09-01T10:00:00.000Z
PAY-NORM-269,ORD-NORM-269,1690,33,5,2026-09-01T10:00:00.000Z
PAY-NORM-270,ORD-NORM-270,1700,34,6,2026-09-01T10:00:00.000Z
PAY-NORM-271,ORD-NORM-271,1710,34,6,2026-09-01T10:00:00.000Z
PAY-NORM-272,ORD-NORM-272,1720,34,6,2026-09-01T10:00:00.000Z
PAY-NORM-273,ORD-NORM-273,1730,34,6,2026-09-01T10:00:00.000Z
PAY-NORM-274,ORD-NORM-274,1740,34,6,2026-09-01T10:00:00.000Z
PAY-NORM-275,ORD-NORM-275,1750,35,6,2026-09-01T10:00:00.000Z
PAY-NORM-276,ORD-NORM-276,1760,35,6,2026-09-01T10:00:00.000Z
PAY-NORM-277,ORD-NORM-277,1770,35,6,2026-09-01T10:00:00.000Z
PAY-NORM-278,ORD-NORM-278,1780,35,6,2026-09-01T10:00:00.000Z
PAY-NORM-279,ORD-NORM-279,1790,35,6,2026-09-01T10:00:00.000Z
PAY-NORM-280,ORD-NORM-280,1800,36,6,2026-09-01T10:00:00.000Z
PAY-NORM-281,ORD-NORM-281,1810,36,6,2026-09-01T10:00:00.000Z
PAY-NORM-282,ORD-NORM-282,1820,36,6,2026-09-01T10:00:00.000Z
PAY-NORM-283,ORD-NORM-283,1830,36,6,2026-09-01T10:00:00.000Z
PAY-NORM-284,ORD-NORM-284,1840,36,6,2026-09-01T10:00:00.000Z
PAY-NORM-285,ORD-NORM-285,1850,37,6,2026-09-01T10:00:00.000Z
PAY-NORM-286,ORD-NORM-286,1860,37,6,2026-09-01T10:00:00.000Z
PAY-NORM-287,ORD-NORM-287,1870,37,6,2026-09-01T10:00:00.000Z
PAY-NORM-288,ORD-NORM-288,1880,37,6,2026-09-01T10:00:00.000Z
PAY-NORM-289,ORD-NORM-289,1890,37,6,2026-09-01T10:00:00.000Z
PAY-NORM-290,ORD-NORM-290,1900,38,6,2026-09-01T10:00:00.000Z
PAY-NORM-291,ORD-NORM-291,1910,38,6,2026-09-01T10:00:00.000Z
PAY-NORM-292,ORD-NORM-292,1920,38,6,2026-09-01T10:00:00.000Z
PAY-NORM-293,ORD-NORM-293,1930,38,6,2026-09-01T10:00:00.000Z
PAY-NORM-294,ORD-NORM-294,1940,38,6,2026-09-01T10:00:00.000Z
PAY-NORM-295,ORD-NORM-295,1950,39,7,2026-09-01T10:00:00.000Z
PAY-NORM-296,ORD-NORM-296,1960,39,7,2026-09-01T10:00:00.000Z
PAY-NORM-297,ORD-NORM-297,1970,39,7,2026-09-01T10:00:00.000Z
PAY-NORM-298,ORD-NORM-298,1980,39,7,2026-09-01T10:00:00.000Z
PAY-NORM-299,ORD-NORM-299,1990,39,7,2026-09-01T10:00:00.000Z
PAY-NORM-300,ORD-NORM-300,1000,20,3,2026-09-01T10:00:00.000Z
PAY-NORM-301,ORD-NORM-301,1010,20,3,2026-09-01T10:00:00.000Z
PAY-NORM-302,ORD-NORM-302,1020,20,3,2026-09-01T10:00:00.000Z
PAY-NORM-303,ORD-NORM-303,1030,20,3,2026-09-01T10:00:00.000Z
PAY-NORM-304,ORD-NORM-304,1040,20,3,2026-09-01T10:00:00.000Z
PAY-NORM-305,ORD-NORM-305,1050,21,3,2026-09-01T10:00:00.000Z
PAY-NORM-306,ORD-NORM-306,1060,21,3,2026-09-01T10:00:00.000Z
PAY-NORM-307,ORD-NORM-307,1070,21,3,2026-09-01T10:00:00.000Z
PAY-NORM-308,ORD-NORM-308,1080,21,3,2026-09-01T10:00:00.000Z
PAY-NORM-309,ORD-NORM-309,1090,21,3,2026-09-01T10:00:00.000Z
PAY-NORM-310,ORD-NORM-310,1100,22,3,2026-09-01T10:00:00.000Z
PAY-NORM-311,ORD-NORM-311,1110,22,3,2026-09-01T10:00:00.000Z
PAY-NORM-312,ORD-NORM-312,1120,22,3,2026-09-01T10:00:00.000Z
PAY-NORM-313,ORD-NORM-313,1130,22,3,2026-09-01T10:00:00.000Z
PAY-NORM-314,ORD-NORM-314,1140,22,3,2026-09-01T10:00:00.000Z
PAY-NORM-315,ORD-NORM-315,1150,23,4,2026-09-01T10:00:00.000Z
PAY-NORM-316,ORD-NORM-316,1160,23,4,2026-09-01T10:00:00.000Z
PAY-NORM-317,ORD-NORM-317,1170,23,4,2026-09-01T10:00:00.000Z
PAY-NORM-318,ORD-NORM-318,1180,23,4,2026-09-01T10:00:00.000Z
PAY-NORM-319,ORD-NORM-319,1190,23,4,2026-09-01T10:00:00.000Z
PAY-NORM-320,ORD-NORM-320,1200,24,4,2026-09-01T10:00:00.000Z
PAY-NORM-321,ORD-NORM-321,1210,24,4,2026-09-01T10:00:00.000Z
PAY-NORM-322,ORD-NORM-322,1220,24,4,2026-09-01T10:00:00.000Z
PAY-NORM-323,ORD-NORM-323,1230,24,4,2026-09-01T10:00:00.000Z
PAY-NORM-324,ORD-NORM-324,1240,24,4,2026-09-01T10:00:00.000Z
PAY-NORM-325,ORD-NORM-325,1250,25,4,2026-09-01T10:00:00.000Z
PAY-NORM-326,ORD-NORM-326,1260,25,4,2026-09-01T10:00:00.000Z
PAY-NORM-327,ORD-NORM-327,1270,25,4,2026-09-01T10:00:00.000Z
PAY-NORM-328,ORD-NORM-328,1280,25,4,2026-09-01T10:00:00.000Z
PAY-NORM-329,ORD-NORM-329,1290,25,4,2026-09-01T10:00:00.000Z
PAY-NORM-330,ORD-NORM-330,1300,26,4,2026-09-01T10:00:00.000Z
PAY-NORM-331,ORD-NORM-331,1310,26,4,2026-09-01T10:00:00.000Z
PAY-NORM-332,ORD-NORM-332,1320,26,4,2026-09-01T10:00:00.000Z
PAY-NORM-333,ORD-NORM-333,1330,26,4,2026-09-01T10:00:00.000Z
PAY-NORM-334,ORD-NORM-334,1340,26,4,2026-09-01T10:00:00.000Z
PAY-NORM-335,ORD-NORM-335,1350,27,4,2026-09-01T10:00:00.000Z
PAY-NORM-336,ORD-NORM-336,1360,27,4,2026-09-01T10:00:00.000Z
PAY-NORM-337,ORD-NORM-337,1370,27,4,2026-09-01T10:00:00.000Z
PAY-NORM-338,ORD-NORM-338,1380,27,4,2026-09-01T10:00:00.000Z
PAY-NORM-339,ORD-NORM-339,1390,27,4,2026-09-01T10:00:00.000Z
PAY-NORM-340,ORD-NORM-340,1400,28,5,2026-09-01T10:00:00.000Z
PAY-NORM-341,ORD-NORM-341,1410,28,5,2026-09-01T10:00:00.000Z
PAY-NORM-342,ORD-NORM-342,1420,28,5,2026-09-01T10:00:00.000Z
PAY-NORM-343,ORD-NORM-343,1430,28,5,2026-09-01T10:00:00.000Z
PAY-NORM-344,ORD-NORM-344,1440,28,5,2026-09-01T10:00:00.000Z
PAY-NORM-345,ORD-NORM-345,1450,29,5,2026-09-01T10:00:00.000Z
PAY-NORM-346,ORD-NORM-346,1460,29,5,2026-09-01T10:00:00.000Z
PAY-NORM-347,ORD-NORM-347,1470,29,5,2026-09-01T10:00:00.000Z
PAY-NORM-348,ORD-NORM-348,1480,29,5,2026-09-01T10:00:00.000Z
PAY-NORM-349,ORD-NORM-349,1490,29,5,2026-09-01T10:00:00.000Z
PAY-NORM-350,ORD-NORM-350,1500,30,5,2026-09-01T10:00:00.000Z
PAY-NORM-351,ORD-NORM-351,1510,30,5,2026-09-01T10:00:00.000Z
PAY-NORM-352,ORD-NORM-352,1520,30,5,2026-09-01T10:00:00.000Z
PAY-NORM-353,ORD-NORM-353,1530,30,5,2026-09-01T10:00:00.000Z
PAY-NORM-354,ORD-NORM-354,1540,30,5,2026-09-01T10:00:00.000Z
PAY-NORM-355,ORD-NORM-355,1550,31,5,2026-09-01T10:00:00.000Z
PAY-NORM-356,ORD-NORM-356,1560,31,5,2026-09-01T10:00:00.000Z
PAY-NORM-357,ORD-NORM-357,1570,31,5,2026-09-01T10:00:00.000Z
PAY-NORM-358,ORD-NORM-358,1580,31,5,2026-09-01T10:00:00.000Z
PAY-NORM-359,ORD-NORM-359,1590,31,5,2026-09-01T10:00:00.000Z
PAY-NORM-360,ORD-NORM-360,1600,32,5,2026-09-01T10:00:00.000Z
PAY-NORM-361,ORD-NORM-361,1610,32,5,2026-09-01T10:00:00.000Z
PAY-NORM-362,ORD-NORM-362,1620,32,5,2026-09-01T10:00:00.000Z
PAY-NORM-363,ORD-NORM-363,1630,32,5,2026-09-01T10:00:00.000Z
PAY-NORM-364,ORD-NORM-364,1640,32,5,2026-09-01T10:00:00.000Z
PAY-NORM-365,ORD-NORM-365,1650,33,5,2026-09-01T10:00:00.000Z
PAY-NORM-366,ORD-NORM-366,1660,33,5,2026-09-01T10:00:00.000Z
PAY-NORM-367,ORD-NORM-367,1670,33,5,2026-09-01T10:00:00.000Z
PAY-NORM-368,ORD-NORM-368,1680,33,5,2026-09-01T10:00:00.000Z
PAY-NORM-369,ORD-NORM-369,1690,33,5,2026-09-01T10:00:00.000Z
PAY-NORM-370,ORD-NORM-370,1700,34,6,2026-09-01T10:00:00.000Z
PAY-NORM-371,ORD-NORM-371,1710,34,6,2026-09-01T10:00:00.000Z
PAY-NORM-372,ORD-NORM-372,1720,34,6,2026-09-01T10:00:00.000Z
PAY-NORM-373,ORD-NORM-373,1730,34,6,2026-09-01T10:00:00.000Z
PAY-NORM-374,ORD-NORM-374,1740,34,6,2026-09-01T10:00:00.000Z
PAY-NORM-375,ORD-NORM-375,1750,35,6,2026-09-01T10:00:00.000Z
PAY-NORM-376,ORD-NORM-376,1760,35,6,2026-09-01T10:00:00.000Z
PAY-NORM-377,ORD-NORM-377,1770,35,6,2026-09-01T10:00:00.000Z
PAY-NORM-378,ORD-NORM-378,1780,35,6,2026-09-01T10:00:00.000Z
PAY-NORM-379,ORD-NORM-379,1790,35,6,2026-09-01T10:00:00.000Z
PAY-NORM-380,ORD-NORM-380,1800,36,6,2026-09-01T10:00:00.000Z
PAY-NORM-381,ORD-NORM-381,1810,36,6,2026-09-01T10:00:00.000Z
PAY-NORM-382,ORD-NORM-382,1820,36,6,2026-09-01T10:00:00.000Z
PAY-NORM-383,ORD-NORM-383,1830,36,6,2026-09-01T10:00:00.000Z
PAY-NORM-384,ORD-NORM-384,1840,36,6,2026-09-01T10:00:00.000Z
PAY-NORM-385,ORD-NORM-385,1850,37,6,2026-09-01T10:00:00.000Z
PAY-NORM-386,ORD-NORM-386,1860,37,6,2026-09-01T10:00:00.000Z
PAY-NORM-387,ORD-NORM-387,1870,37,6,2026-09-01T10:00:00.000Z
PAY-NORM-388,ORD-NORM-388,1880,37,6,2026-09-01T10:00:00.000Z
PAY-NORM-389,ORD-NORM-389,1890,37,6,2026-09-01T10:00:00.000Z
PAY-NORM-390,ORD-NORM-390,1900,38,6,2026-09-01T10:00:00.000Z
PAY-NORM-391,ORD-NORM-391,1910,38,6,2026-09-01T10:00:00.000Z
PAY-NORM-392,ORD-NORM-392,1920,38,6,2026-09-01T10:00:00.000Z
PAY-NORM-393,ORD-NORM-393,1930,38,6,2026-09-01T10:00:00.000Z
PAY-NORM-394,ORD-NORM-394,1940,38,6,2026-09-01T10:00:00.000Z
PAY-NORM-395,ORD-NORM-395,1950,39,7,2026-09-01T10:00:00.000Z
PAY-NORM-396,ORD-NORM-396,1960,39,7,2026-09-01T10:00:00.000Z
PAY-NORM-397,ORD-NORM-397,1970,39,7,2026-09-01T10:00:00.000Z
PAY-NORM-398,ORD-NORM-398,1980,39,7,2026-09-01T10:00:00.000Z
PAY-NORM-399,ORD-NORM-399,1990,39,7,2026-09-01T10:00:00.000Z
PAY-NORM-400,ORD-NORM-400,1000,20,3,2026-09-01T10:00:00.000Z
PAY-NORM-401,ORD-NORM-401,1010,20,3,2026-09-01T10:00:00.000Z
PAY-NORM-402,ORD-NORM-402,1020,20,3,2026-09-01T10:00:00.000Z
PAY-NORM-403,ORD-NORM-403,1030,20,3,2026-09-01T10:00:00.000Z
PAY-NORM-404,ORD-NORM-404,1040,20,3,2026-09-01T10:00:00.000Z
PAY-NORM-405,ORD-NORM-405,1050,21,3,2026-09-01T10:00:00.000Z
PAY-NORM-406,ORD-NORM-406,1060,21,3,2026-09-01T10:00:00.000Z
PAY-NORM-407,ORD-NORM-407,1070,21,3,2026-09-01T10:00:00.000Z
PAY-NORM-408,ORD-NORM-408,1080,21,3,2026-09-01T10:00:00.000Z
PAY-NORM-409,ORD-NORM-409,1090,21,3,2026-09-01T10:00:00.000Z
PAY-NORM-410,ORD-NORM-410,1100,22,3,2026-09-01T10:00:00.000Z
PAY-NORM-411,ORD-NORM-411,1110,22,3,2026-09-01T10:00:00.000Z
PAY-NORM-412,ORD-NORM-412,1120,22,3,2026-09-01T10:00:00.000Z
PAY-NORM-413,ORD-NORM-413,1130,22,3,2026-09-01T10:00:00.000Z
PAY-NORM-414,ORD-NORM-414,1140,22,3,2026-09-01T10:00:00.000Z
PAY-NORM-415,ORD-NORM-415,1150,23,4,2026-09-01T10:00:00.000Z
PAY-NORM-416,ORD-NORM-416,1160,23,4,2026-09-01T10:00:00.000Z
PAY-NORM-417,ORD-NORM-417,1170,23,4,2026-09-01T10:00:00.000Z
PAY-NORM-418,ORD-NORM-418,1180,23,4,2026-09-01T10:00:00.000Z
PAY-NORM-419,ORD-NORM-419,1190,23,4,2026-09-01T10:00:00.000Z
PAY-NORM-420,ORD-NORM-420,1200,24,4,2026-09-01T10:00:00.000Z
PAY-NORM-421,ORD-NORM-421,1210,24,4,2026-09-01T10:00:00.000Z
PAY-NORM-422,ORD-NORM-422,1220,24,4,2026-09-01T10:00:00.000Z
PAY-NORM-423,ORD-NORM-423,1230,24,4,2026-09-01T10:00:00.000Z
PAY-NORM-424,ORD-NORM-424,1240,24,4,2026-09-01T10:00:00.000Z
PAY-NORM-425,ORD-NORM-425,1250,25,4,2026-09-01T10:00:00.000Z
PAY-NORM-426,ORD-NORM-426,1260,25,4,2026-09-01T10:00:00.000Z
PAY-NORM-427,ORD-NORM-427,1270,25,4,2026-09-01T10:00:00.000Z
PAY-NORM-428,ORD-NORM-428,1280,25,4,2026-09-01T10:00:00.000Z
PAY-NORM-429,ORD-NORM-429,1290,25,4,2026-09-01T10:00:00.000Z
PAY-NORM-430,ORD-NORM-430,1300,26,4,2026-09-01T10:00:00.000Z
PAY-NORM-431,ORD-NORM-431,1310,26,4,2026-09-01T10:00:00.000Z
PAY-NORM-432,ORD-NORM-432,1320,26,4,2026-09-01T10:00:00.000Z
PAY-NORM-433,ORD-NORM-433,1330,26,4,2026-09-01T10:00:00.000Z
PAY-NORM-434,ORD-NORM-434,1340,26,4,2026-09-01T10:00:00.000Z
PAY-NORM-435,ORD-NORM-435,1350,27,4,2026-09-01T10:00:00.000Z
PAY-NORM-436,ORD-NORM-436,1360,27,4,2026-09-01T10:00:00.000Z
PAY-NORM-437,ORD-NORM-437,1370,27,4,2026-09-01T10:00:00.000Z
PAY-NORM-438,ORD-NORM-438,1380,27,4,2026-09-01T10:00:00.000Z
PAY-NORM-439,ORD-NORM-439,1390,27,4,2026-09-01T10:00:00.000Z
PAY-NORM-440,ORD-NORM-440,1400,28,5,2026-09-01T10:00:00.000Z
PAY-NORM-441,ORD-NORM-441,1410,28,5,2026-09-01T10:00:00.000Z
PAY-NORM-442,ORD-NORM-442,1420,28,5,2026-09-01T10:00:00.000Z
PAY-NORM-443,ORD-NORM-443,1430,28,5,2026-09-01T10:00:00.000Z
PAY-NORM-444,ORD-NORM-444,1440,28,5,2026-09-01T10:00:00.000Z
PAY-NORM-445,ORD-NORM-445,1450,29,5,2026-09-01T10:00:00.000Z
PAY-NORM-446,ORD-NORM-446,1460,29,5,2026-09-01T10:00:00.000Z
PAY-NORM-447,ORD-NORM-447,1470,29,5,2026-09-01T10:00:00.000Z
PAY-NORM-448,ORD-NORM-448,1480,29,5,2026-09-01T10:00:00.000Z
PAY-NORM-449,ORD-NORM-449,1490,29,5,2026-09-01T10:00:00.000Z
PAY-NORM-450,ORD-NORM-450,1500,30,5,2026-09-01T10:00:00.000Z
PAY-NORM-451,ORD-NORM-451,1510,30,5,2026-09-01T10:00:00.000Z
PAY-NORM-452,ORD-NORM-452,1520,30,5,2026-09-01T10:00:00.000Z
PAY-NORM-453,ORD-NORM-453,1530,30,5,2026-09-01T10:00:00.000Z
PAY-NORM-454,ORD-NORM-454,1540,30,5,2026-09-01T10:00:00.000Z
PAY-NORM-455,ORD-NORM-455,1550,31,5,2026-09-01T10:00:00.000Z
PAY-NORM-456,ORD-NORM-456,1560,31,5,2026-09-01T10:00:00.000Z
PAY-NORM-457,ORD-NORM-457,1570,31,5,2026-09-01T10:00:00.000Z
PAY-NORM-458,ORD-NORM-458,1580,31,5,2026-09-01T10:00:00.000Z
PAY-NORM-459,ORD-NORM-459,1590,31,5,2026-09-01T10:00:00.000Z
PAY-NORM-460,ORD-NORM-460,1600,32,5,2026-09-01T10:00:00.000Z
PAY-NORM-461,ORD-NORM-461,1610,32,5,2026-09-01T10:00:00.000Z
PAY-NORM-462,ORD-NORM-462,1620,32,5,2026-09-01T10:00:00.000Z
PAY-NORM-463,ORD-NORM-463,1630,32,5,2026-09-01T10:00:00.000Z
PAY-NORM-464,ORD-NORM-464,1640,32,5,2026-09-01T10:00:00.000Z
PAY-NORM-465,ORD-NORM-465,1650,33,5,2026-09-01T10:00:00.000Z
PAY-NORM-466,ORD-NORM-466,1660,33,5,2026-09-01T10:00:00.000Z
PAY-NORM-467,ORD-NORM-467,1670,33,5,2026-09-01T10:00:00.000Z
PAY-NORM-468,ORD-NORM-468,1680,33,5,2026-09-01T10:00:00.000Z
PAY-NORM-469,ORD-NORM-469,1690,33,5,2026-09-01T10:00:00.000Z
PAY-NORM-470,ORD-NORM-470,1700,34,6,2026-09-01T10:00:00.000Z
PAY-NORM-471,ORD-NORM-471,1710,34,6,2026-09-01T10:00:00.000Z
PAY-NORM-472,ORD-NORM-472,1720,34,6,2026-09-01T10:00:00.000Z
PAY-NORM-473,ORD-NORM-473,1730,34,6,2026-09-01T10:00:00.000Z
PAY-NORM-474,ORD-NORM-474,1740,34,6,2026-09-01T10:00:00.000Z
PAY-NORM-475,ORD-NORM-475,1750,35,6,2026-09-01T10:00:00.000Z
PAY-NORM-476,ORD-NORM-476,1760,35,6,2026-09-01T10:00:00.000Z
PAY-NORM-477,ORD-NORM-477,1770,35,6,2026-09-01T10:00:00.000Z
PAY-NORM-478,ORD-NORM-478,1780,35,6,2026-09-01T10:00:00.000Z
PAY-NORM-479,ORD-NORM-479,1790,35,6,2026-09-01T10:00:00.000Z
PAY-NORM-480,ORD-NORM-480,1800,36,6,2026-09-01T10:00:00.000Z
PAY-NORM-481,ORD-NORM-481,1810,36,6,2026-09-01T10:00:00.000Z
PAY-NORM-482,ORD-NORM-482,1820,36,6,2026-09-01T10:00:00.000Z
PAY-NORM-483,ORD-NORM-483,1830,36,6,2026-09-01T10:00:00.000Z
PAY-NORM-484,ORD-NORM-484,1840,36,6,2026-09-01T10:00:00.000Z
PAY-NORM-485,ORD-NORM-485,1850,37,6,2026-09-01T10:00:00.000Z
PAY-NORM-486,ORD-NORM-486,1860,37,6,2026-09-01T10:00:00.000Z
PAY-NORM-487,ORD-NORM-487,1870,37,6,2026-09-01T10:00:00.000Z
PAY-NORM-488,ORD-NORM-488,1880,37,6,2026-09-01T10:00:00.000Z
PAY-NORM-489,ORD-NORM-489,1890,37,6,2026-09-01T10:00:00.000Z
PAY-NORM-490,ORD-NORM-490,1900,38,6,2026-09-01T10:00:00.000Z
PAY-NORM-491,ORD-NORM-491,1910,38,6,2026-09-01T10:00:00.000Z
PAY-NORM-492,ORD-NORM-492,1920,38,6,2026-09-01T10:00:00.000Z
PAY-NORM-493,ORD-NORM-493,1930,38,6,2026-09-01T10:00:00.000Z
PAY-NORM-494,ORD-NORM-494,1940,38,6,2026-09-01T10:00:00.000Z
PAY-NORM-495,ORD-NORM-495,1950,39,7,2026-09-01T10:00:00.000Z
PAY-NORM-496,ORD-NORM-496,1960,39,7,2026-09-01T10:00:00.000Z
PAY-NORM-497,ORD-NORM-497,1970,39,7,2026-09-01T10:00:00.000Z
PAY-NORM-498,ORD-NORM-498,1980,39,7,2026-09-01T10:00:00.000Z
PAY-NORM-499,ORD-NORM-499,1990,39,7,2026-09-01T10:00:00.000Z
PAY-NORM-500,ORD-NORM-500,1000,20,3,2026-09-01T10:00:00.000Z
PAY-DUP-1,ORD-DUPPAY-002,7500,150,27,2026-09-01T10:00:00.000Z
PAY-DUP-2,ORD-DUPPAY-002,7500,150,27,2026-09-01T10:00:00.000Z
PAY-FEE,ORD-FEECREEP-003,3000,60,10,2026-09-01T10:00:00.000Z
PAY-NOBANK,ORD-NOBANK-004,4200,84,15,2026-09-01T10:00:00.000Z