settlement_id,payment_ids,net_amount,settled_at
STL-NORM-1,PAY-NORM-1,987,2026-09-03T10:00:00.000Z
STL-NORM-2,PAY-NORM-2,997,2026-09-03T10:00:00.000Z
STL-NORM-3,PAY-NORM-3,1007,2026-09-03T10:00:00.000Z
STL-NORM-4,PAY-NORM-4,1017,2026-09-03T10:00:00.000Z
STL-NORM-5,PAY-NORM-5,1026,2026-09-03T10:00:00.000Z
STL-NORM-6,PAY-NORM-6,1036,2026-09-03T10:00:00.000Z
STL-NORM-7,PAY-NORM-7,1046,2026-09-03T10:00:00.000Z
STL-NORM-8,PAY-NORM-8,1056,2026-09-03T10:00:00.000Z
STL-NORM-9,PAY-NORM-9,1066,2026-09-03T10:00:00.000Z
STL-NORM-10,PAY-NORM-10,1075,2026-09-03T10:00:00.000Z
STL-NORM-11,PAY-NORM-11,1085,2026-09-03T10:00:00.000Z
STL-NORM-12,PAY-NORM-12,1095,2026-09-03T10:00:00.000Z
STL-NORM-13,PAY-NORM-13,1105,2026-09-03T10:00:00.000Z
STL-NORM-14,PAY-NORM-14,1115,2026-09-03T10:00:00.000Z
STL-NORM-15,PAY-NORM-15,1123,2026-09-03T10:00:00.000Z
STL-NORM-16,PAY-NORM-16,1133,2026-09-03T10:00:00.000Z
STL-NORM-17,PAY-NORM-17,1143,2026-09-03T10:00:00.000Z
STL-NORM-18,PAY-NORM-18,1153,2026-09-03T10:00:00.000Z
STL-NORM-19,PAY-NORM-19,1163,2026-09-03T10:00:00.000Z
STL-NORM-20,PAY-NORM-20,1172,2026-09-03T10:00:00.000Z
STL-NORM-21,PAY-NORM-21,1182,2026-09-03T10:00:00.000Z
STL-NORM-22,PAY-NORM-22,1192,2026-09-03T10:00:00.000Z
STL-NORM-23,PAY-NORM-23,1202,2026-09-03T10:00:00.000Z
STL-NORM-24,PAY-NORM-24,1212,2026-09-03T10:00:00.000Z
STL-NORM-25,PAY-NORM-25,1221,2026-09-03T10:00:00.000Z
STL-NORM-26,PAY-NORM-26,1231,2026-09-03T10:00:00.000Z
STL-NORM-27,PAY-NORM-27,1241,2026-09-03T10:00:00.000Z
STL-NORM-28,PAY-NORM-28,1251,2026-09-03T10:00:00.000Z
STL-NORM-29,PAY-NORM-29,1261,2026-09-03T10:00:00.000Z
STL-NORM-30,PAY-NORM-30,1270,2026-09-03T10:00:00.000Z
STL-NORM-31,PAY-NORM-31,1280,2026-09-03T10:00:00.000Z
STL-NORM-32,PAY-NORM-32,1290,2026-09-03T10:00:00.000Z
STL-NORM-33,PAY-NORM-33,1300,2026-09-03T10:00:00.000Z
STL-NORM-34,PAY-NORM-34,1310,2026-09-03T10:00:00.000Z
STL-NORM-35,PAY-NORM-35,1319,2026-09-03T10:00:00.000Z
STL-NORM-36,PAY-NORM-36,1329,2026-09-03T10:00:00.000Z
STL-NORM-37,PAY-NORM-37,1339,2026-09-03T10:00:00.000Z
STL-NORM-38,PAY-NORM-38,1349,2026-09-03T10:00:00.000Z
STL-NORM-39,PAY-NORM-39,1359,2026-09-03T10:00:00.000Z
STL-NORM-40,PAY-NORM-40,1367,2026-09-03T10:00:00.000Z
STL-NORM-41,PAY-NORM-41,1377,2026-09-03T10:00:00.000Z
STL-NORM-42,PAY-NORM-42,1387,2026-09-03T10:00:00.000Z
STL-NORM-43,PAY-NORM-43,1397,2026-09-03T10:00:00.000Z
STL-NORM-44,PAY-NORM-44,1407,2026-09-03T10:00:00.000Z
STL-NORM-45,PAY-NORM-45,1416,2026-09-03T10:00:00.000Z
STL-NORM-46,PAY-NORM-46,1426,2026-09-03T10:00:00.000Z
STL-NORM-47,PAY-NORM-47,1436,2026-09-03T10:00:00.000Z
STL-NORM-48,PAY-NORM-48,1446,2026-09-03T10:00:00.000Z
STL-NORM-49,PAY-NORM-49,1456,2026-09-03T10:00:00.000Z
STL-NORM-50,PAY-NORM-50,1465,2026-09-03T10:00:00.000Z
STL-NORM-51,PAY-NORM-51,1475,2026-09-03T10:00:00.000Z
STL-NORM-52,PAY-NORM-52,1485,2026-09-03T10:00:00.000Z
STL-NORM-53,PAY-NORM-53,1495,2026-09-03T10:00:00.000Z
STL-NORM-54,PAY-NORM-54,1505,2026-09-03T10:00:00.000Z
STL-NORM-55,PAY-NORM-55,1514,2026-09-03T10:00:00.000Z
STL-NORM-56,PAY-NORM-56,1524,2026-09-03T10:00:00.000Z
STL-NORM-57,PAY-NORM-57,1534,2026-09-03T10:00:00.000Z
STL-NORM-58,PAY-NORM-58,1544,2026-09-03T10:00:00.000Z
STL-NORM-59,PAY-NORM-59,1554,2026-09-03T10:00:00.000Z
STL-NORM-60,PAY-NORM-60,1563,2026-09-03T10:00:00.000Z
STL-NORM-61,PAY-NORM-61,1573,2026-09-03T10:00:00.000Z
STL-NORM-62,PAY-NORM-62,1583,2026-09-03T10:00:00.000Z
STL-NORM-63,PAY-NORM-63,1593,2026-09-03T10:00:00.000Z
STL-NORM-64,PAY-NORM-64,1603,2026-09-03T10:00:00.000Z
STL-NORM-65,PAY-NORM-65,1612,2026-09-03T10:00:00.000Z
STL-NORM-66,PAY-NORM-66,1622,2026-09-03T10:00:00.000Z
STL-NORM-67,PAY-NORM-67,1632,2026-09-03T10:00:00.000Z
STL-NORM-68,PAY-NORM-68,1642,2026-09-03T10:00:00.000Z
STL-NORM-69,PAY-NORM-69,1652,2026-09-03T10:00:00.000Z
STL-NORM-70,PAY-NORM-70,1660,2026-09-03T10:00:00.000Z
STL-NORM-71,PAY-NORM-71,1670,2026-09-03T10:00:00.000Z
STL-NORM-72,PAY-NORM-72,1680,2026-09-03T10:00:00.000Z
STL-NORM-73,PAY-NORM-73,1690,2026-09-03T10:00:00.000Z
STL-NORM-74,PAY-NORM-74,1700,2026-09-03T10:00:00.000Z
STL-NORM-75,PAY-NORM-75,1709,2026-09-03T10:00:00.000Z
STL-NORM-76,PAY-NORM-76,1719,2026-09-03T10:00:00.000Z
STL-NORM-77,PAY-NORM-77,1729,2026-09-03T10:00:00.000Z
STL-NORM-78,PAY-NORM-78,1739,2026-09-03T10:00:00.000Z
STL-NORM-79,PAY-NORM-79,1749,2026-09-03T10:00:00.000Z
STL-NORM-80,PAY-NORM-80,1758,2026-09-03T10:00:00.000Z
STL-NORM-81,PAY-NORM-81,1768,2026-09-03T10:00:00.000Z
STL-NORM-82,PAY-NORM-82,1778,2026-09-03T10:00:00.000Z
STL-NORM-83,PAY-NORM-83,1788,2026-09-03T10:00:00.000Z
STL-NORM-84,PAY-NORM-84,1798,2026-09-03T10:00:00.000Z
STL-NORM-85,PAY-NORM-85,1807,2026-09-03T10:00:00.000Z
STL-NORM-86,PAY-NORM-86,1817,2026-09-03T10:00:00.000Z
STL-NORM-87,PAY-NORM-87,1827,2026-09-03T10:00:00.000Z
STL-NORM-88,PAY-NORM-88,1837,2026-09-03T10:00:00.000Z
STL-NORM-89,PAY-NORM-89,1847,2026-09-03T10:00:00.000Z
STL-NORM-90,PAY-NORM-90,1856,2026-09-03T10:00:00.000Z
STL-NORM-91,PAY-NORM-91,1866,2026-09-03T10:00:00.000Z
STL-NORM-92,PAY-NORM-92,1876,2026-09-03T10:00:00.000Z
STL-NORM-93,PAY-NORM-93,1886,2026-09-03T10:00:00.000Z
STL-NORM-94,PAY-NORM-94,1896,2026-09-03T10:00:00.000Z
STL-NORM-95,PAY-NORM-95,1904,2026-09-03T10:00:00.000Z
STL-NORM-96,PAY-NORM-96,1914,2026-09-03T10:00:00.000Z
STL-NORM-97,PAY-NORM-97,1924,2026-09-03T10:00:00.000Z
STL-NORM-98,PAY-NORM-98,1934,2026-09-03T10:00:00.000Z
STL-NORM-99,PAY-NORM-99,1944,2026-09-03T10:00:00.000Z
STL-NORM-100,PAY-NORM-100,977,2026-09-03T10:00:00.000Z
STL-NORM-101,PAY-NORM-101,987,2026-09-03T10:00:00.000Z
STL-NORM-102,PAY-NORM-102,997,2026-09-03T10:00:00.000Z
STL-NORM-103,PAY-NORM-103,1007,2026-09-03T10:00:00.000Z
STL-NORM-104,PAY-NORM-104,1017,2026-09-03T10:00:00.000Z
STL-NORM-105,PAY-NORM-105,1026,2026-09-03T10:00:00.000Z
STL-NORM-106,PAY-NORM-106,1036,2026-09-03T10:00:00.000Z
STL-NORM-107,PAY-NORM-107,1046,2026-09-03T10:00:00.000Z
STL-NORM-108,PAY-NORM-108,1056,2026-09-03T10:00:00.000Z
STL-NORM-109,PAY-NORM-109,1066,2026-09-03T10:00:00.000Z
STL-NORM-110,PAY-NORM-110,1075,2026-09-03T10:00:00.000Z
STL-NORM-111,PAY-NORM-111,1085,2026-09-03T10:00:00.000Z
STL-NORM-112,PAY-NORM-112,1095,2026-09-03T10:00:00.000Z
STL-NORM-113,PAY-NORM-113,1105,2026-09-03T10:00:00.000Z
STL-NORM-114,PAY-NORM-114,1115,2026-09-03T10:00:00.000Z
STL-NORM-115,PAY-NORM-115,1123,2026-09-03T10:00:00.000Z
STL-NORM-116,PAY-NORM-116,1133,2026-09-03T10:00:00.000Z
STL-NORM-117,PAY-NORM-117,1143,2026-09-03T10:00:00.000Z
STL-NORM-118,PAY-NORM-118,1153,2026-09-03T10:00:00.000Z
STL-NORM-119,PAY-NORM-119,1163,2026-09-03T10:00:00.000Z
STL-NORM-120,PAY-NORM-120,1172,2026-09-03T10:00:00.000Z
STL-NORM-121,PAY-NORM-121,1182,2026-09-03T10:00:00.000Z
STL-NORM-122,PAY-NORM-122,1192,2026-09-03T10:00:00.000Z
STL-NORM-123,PAY-NORM-123,1202,2026-09-03T10:00:00.000Z
STL-NORM-124,PAY-NORM-124,1212,2026-09-03T10:00:00.000Z
STL-NORM-125,PAY-NORM-125,1221,2026-09-03T10:00:00.000Z
STL-NORM-126,PAY-NORM-126,1231,2026-09-03T10:00:00.000Z
STL-NORM-127,PAY-NORM-127,1241,2026-09-03T10:00:00.000Z
STL-NORM-128,PAY-NORM-128,1251,2026-09-03T10:00:00.000Z
STL-NORM-129,PAY-NORM-129,1261,2026-09-03T10:00:00.000Z
STL-NORM-130,PAY-NORM-130,1270,2026-09-03T10:00:00.000Z
STL-NORM-131,PAY-NORM-131,1280,2026-09-03T10:00:00.000Z
STL-NORM-132,PAY-NORM-132,1290,2026-09-03T10:00:00.000Z
STL-NORM-133,PAY-NORM-133,1300,2026-09-03T10:00:00.000Z
STL-NORM-134,PAY-NORM-134,1310,2026-09-03T10:00:00.000Z
STL-NORM-135,PAY-NORM-135,1319,2026-09-03T10:00:00.000Z
STL-NORM-136,PAY-NORM-136,1329,2026-09-03T10:00:00.000Z
STL-NORM-137,PAY-NORM-137,1339,2026-09-03T10:00:00.000Z
STL-NORM-138,PAY-NORM-138,1349,2026-09-03T10:00:00.000Z
STL-NORM-139,PAY-NORM-139,1359,2026-09-03T10:00:00.000Z
STL-NORM-140,PAY-NORM-140,1367,2026-09-03T10:00:00.000Z
STL-NORM-141,PAY-NORM-141,1377,2026-09-03T10:00:00.000Z
STL-NORM-142,PAY-NORM-142,1387,2026-09-03T10:00:00.000Z
STL-NORM-143,PAY-NORM-143,1397,2026-09-03T10:00:00.000Z
STL-NORM-144,PAY-NORM-144,1407,2026-09-03T10:00:00.000Z
STL-NORM-145,PAY-NORM-145,1416,2026-09-03T10:00:00.000Z
STL-NORM-146,PAY-NORM-146,1426,2026-09-03T10:00:00.000Z
STL-NORM-147,PAY-NORM-147,1436,2026-09-03T10:00:00.000Z
STL-NORM-148,PAY-NORM-148,1446,2026-09-03T10:00:00.000Z
STL-NORM-149,PAY-NORM-149,1456,2026-09-03T10:00:00.000Z
STL-NORM-150,PAY-NORM-150,1465,2026-09-03T10:00:00.000Z
STL-NORM-151,PAY-NORM-151,1475,2026-09-03T10:00:00.000Z
STL-NORM-152,PAY-NORM-152,1485,2026-09-03T10:00:00.000Z
STL-NORM-153,PAY-NORM-153,1495,2026-09-03T10:00:00.000Z
STL-NORM-154,PAY-NORM-154,1505,2026-09-03T10:00:00.000Z
STL-NORM-155,PAY-NORM-155,1514,2026-09-03T10:00:00.000Z
STL-NORM-156,PAY-NORM-156,1524,2026-09-03T10:00:00.000Z
STL-NORM-157,PAY-NORM-157,1534,2026-09-03T10:00:00.000Z
STL-NORM-158,PAY-NORM-158,1544,2026-09-03T10:00:00.000Z
STL-NORM-159,PAY-NORM-159,1554,2026-09-03T10:00:00.000Z
STL-NORM-160,PAY-NORM-160,1563,2026-09-03T10:00:00.000Z
STL-NORM-161,PAY-NORM-161,1573,2026-09-03T10:00:00.000Z
STL-NORM-162,PAY-NORM-162,1583,2026-09-03T10:00:00.000Z
STL-NORM-163,PAY-NORM-163,1593,2026-09-03T10:00:00.000Z
STL-NORM-164,PAY-NORM-164,1603,2026-09-03T10:00:00.000Z
STL-NORM-165,PAY-NORM-165,1612,2026-09-03T10:00:00.000Z
STL-NORM-166,PAY-NORM-166,1622,2026-09-03T10:00:00.000Z
STL-NORM-167,PAY-NORM-167,1632,2026-09-03T10:00:00.000Z
STL-NORM-168,PAY-NORM-168,1642,2026-09-03T10:00:00.000Z
STL-NORM-169,PAY-NORM-169,1652,2026-09-03T10:00:00.000Z
STL-NORM-170,PAY-NORM-170,1660,2026-09-03T10:00:00.000Z
STL-NORM-171,PAY-NORM-171,1670,2026-09-03T10:00:00.000Z
STL-NORM-172,PAY-NORM-172,1680,2026-09-03T10:00:00.000Z
STL-NORM-173,PAY-NORM-173,1690,2026-09-03T10:00:00.000Z
STL-NORM-174,PAY-NORM-174,1700,2026-09-03T10:00:00.000Z
STL-NORM-175,PAY-NORM-175,1709,2026-09-03T10:00:00.000Z
STL-NORM-176,PAY-NORM-176,1719,2026-09-03T10:00:00.000Z
STL-NORM-177,PAY-NORM-177,1729,2026-09-03T10:00:00.000Z
STL-NORM-178,PAY-NORM-178,1739,2026-09-03T10:00:00.000Z
STL-NORM-179,PAY-NORM-179,1749,2026-09-03T10:00:00.000Z
STL-NORM-180,PAY-NORM-180,1758,2026-09-03T10:00:00.000Z
STL-NORM-181,PAY-NORM-181,1768,2026-09-03T10:00:00.000Z
STL-NORM-182,PAY-NORM-182,1778,2026-09-03T10:00:00.000Z
STL-NORM-183,PAY-NORM-183,1788,2026-09-03T10:00:00.000Z
STL-NORM-184,PAY-NORM-184,1798,2026-09-03T10:00:00.000Z
STL-NORM-185,PAY-NORM-185,1807,2026-09-03T10:00:00.000Z
STL-NORM-186,PAY-NORM-186,1817,2026-09-03T10:00:00.000Z
STL-NORM-187,PAY-NORM-187,1827,2026-09-03T10:00:00.000Z
STL-NORM-188,PAY-NORM-188,1837,2026-09-03T10:00:00.000Z
STL-NORM-189,PAY-NORM-189,1847,2026-09-03T10:00:00.000Z
STL-NORM-190,PAY-NORM-190,1856,2026-09-03T10:00:00.000Z
STL-NORM-191,PAY-NORM-191,1866,2026-09-03T10:00:00.000Z
STL-NORM-192,PAY-NORM-192,1876,2026-09-03T10:00:00.000Z
STL-NORM-193,PAY-NORM-193,1886,2026-09-03T10:00:00.000Z
STL-NORM-194,PAY-NORM-194,1896,2026-09-03T10:00:00.000Z
STL-NORM-195,PAY-NORM-195,1904,2026-09-03T10:00:00.000Z
STL-NORM-196,PAY-NORM-196,1914,2026-09-03T10:00:00.000Z
STL-NORM-197,PAY-NORM-197,1924,2026-09-03T10:00:00.000Z
STL-NORM-198,PAY-NORM-198,1934,2026-09-03T10:00:00.000Z
STL-NORM-199,PAY-NORM-199,1944,2026-09-03T10:00:00.000Z
STL-NORM-200,PAY-NORM-200,977,2026-09-03T10:00:00.000Z
STL-NORM-201,PAY-NORM-201,987,2026-09-03T10:00:00.000Z
STL-NORM-202,PAY-NORM-202,997,2026-09-03T10:00:00.000Z
STL-NORM-203,PAY-NORM-203,1007,2026-09-03T10:00:00.000Z
STL-NORM-204,PAY-NORM-204,1017,2026-09-03T10:00:00.000Z
STL-NORM-205,PAY-NORM-205,1026,2026-09-03T10:00:00.000Z
STL-NORM-206,PAY-NORM-206,1036,2026-09-03T10:00:00.000Z
STL-NORM-207,PAY-NORM-207,1046,2026-09-03T10:00:00.000Z
STL-NORM-208,PAY-NORM-208,1056,2026-09-03T10:00:00.000Z
STL-NORM-209,PAY-NORM-209,1066,2026-09-03T10:00:00.000Z
STL-NORM-210,PAY-NORM-210,1075,2026-09-03T10:00:00.000Z
STL-NORM-211,PAY-NORM-211,1085,2026-09-03T10:00:00.000Z
STL-NORM-212,PAY-NORM-212,1095,2026-09-03T10:00:00.000Z
STL-NORM-213,PAY-NORM-213,1105,2026-09-03T10:00:00.000Z
STL-NORM-214,PAY-NORM-214,1115,2026-09-03T10:00:00.000Z
STL-NORM-215,PAY-NORM-215,1123,2026-09-03T10:00:00.000Z
STL-NORM-216,PAY-NORM-216,1133,2026-09-03T10:00:00.000Z
STL-NORM-217,PAY-NORM-217,1143,2026-09-03T10:00:00.000Z
STL-NORM-218,PAY-NORM-218,1153,2026-09-03T10:00:00.000Z
STL-NORM-219,PAY-NORM-219,1163,2026-09-03T10:00:00.000Z
STL-NORM-220,PAY-NORM-220,1172,2026-09-03T10:00:00.000Z
STL-NORM-221,PAY-NORM-221,1182,2026-09-03T10:00:00.000Z
STL-NORM-222,PAY-NORM-222,1192,2026-09-03T10:00:00.000Z
STL-NORM-223,PAY-NORM-223,1202,2026-09-03T10:00:00.000Z
STL-NORM-224,PAY-NORM-224,1212,2026-09-03T10:00:00.000Z
STL-NORM-225,PAY-NORM-225,1221,2026-09-03T10:00:00.000Z
STL-NORM-226,PAY-NORM-226,1231,2026-09-03T10:00:00.000Z
STL-NORM-227,PAY-NORM-227,1241,2026-09-03T10:00:00.000Z
STL-NORM-228,PAY-NORM-228,1251,2026-09-03T10:00:00.000Z
STL-NORM-229,PAY-NORM-229,1261,2026-09-03T10:00:00.000Z
STL-NORM-230,PAY-NORM-230,1270,2026-09-03T10:00:00.000Z
STL-NORM-231,PAY-NORM-231,1280,2026-09-03T10:00:00.000Z
STL-NORM-232,PAY-NORM-232,1290,2026-09-03T10:00:00.000Z
STL-NORM-233,PAY-NORM-233,1300,2026-09-03T10:00:00.000Z
STL-NORM-234,PAY-NORM-234,1310,2026-09-03T10:00:00.000Z
STL-NORM-235,PAY-NORM-235,1319,2026-09-03T10:00:00.000Z
STL-NORM-236,PAY-NORM-236,1329,2026-09-03T10:00:00.000Z
STL-NORM-237,PAY-NORM-237,1339,2026-09-03T10:00:00.000Z
STL-NORM-238,PAY-NORM-238,1349,2026-09-03T10:00:00.000Z
STL-NORM-239,PAY-NORM-239,1359,2026-09-03T10:00:00.000Z
STL-NORM-240,PAY-NORM-240,1367,2026-09-03T10:00:00.000Z
STL-NORM-241,PAY-NORM-241,1377,2026-09-03T10:00:00.000Z
STL-NORM-242,PAY-NORM-242,1387,2026-09-03T10:00:00.000Z
STL-NORM-243,PAY-NORM-243,1397,2026-09-03T10:00:00.000Z
STL-NORM-244,PAY-NORM-244,1407,2026-09-03T10:00:00.000Z
STL-NORM-245,PAY-NORM-245,1416,2026-09-03T10:00:00.000Z
STL-NORM-246,PAY-NORM-246,1426,2026-09-03T10:00:00.000Z
STL-NORM-247,PAY-NORM-247,1436,2026-09-03T10:00:00.000Z
STL-NORM-248,PAY-NORM-248,1446,2026-09-03T10:00:00.000Z
STL-NORM-249,PAY-NORM-249,1456,2026-09-03T10:00:00.000Z
STL-NORM-250,PAY-NORM-250,1465,2026-09-03T10:00:00.000Z
STL-NORM-251,PAY-NORM-251,1475,2026-09-03T10:00:00.000Z
STL-NORM-252,PAY-NORM-252,1485,2026-09-03T10:00:00.000Z
STL-NORM-253,PAY-NORM-253,1495,2026-09-03T10:00:00.000Z
STL-NORM-254,PAY-NORM-254,1505,2026-09-03T10:00:00.000Z
STL-NORM-255,PAY-NORM-255,1514,2026-09-03T10:00:00.000Z
STL-NORM-256,PAY-NORM-256,1524,2026-09-03T10:00:00.000Z
STL-NORM-257,PAY-NORM-257,1534,2026-09-03T10:00:00.000Z
STL-NORM-258,PAY-NORM-258,1544,2026-09-03T10:00:00.000Z
STL-NORM-259,PAY-NORM-259,1554,2026-09-03T10:00:00.000Z
STL-NORM-260,PAY-NORM-260,1563,2026-09-03T10:00:00.000Z
STL-NORM-261,PAY-NORM-261,1573,2026-09-03T10:00:00.000Z
STL-NORM-262,PAY-NORM-262,1583,2026-09-03T10:00:00.000Z
STL-NORM-263,PAY-NORM-263,1593,2026-09-03T10:00:00.000Z
STL-NORM-264,PAY-NORM-264,1603,2026-09-03T10:00:00.000Z
STL-NORM-265,PAY-NORM-265,1612,2026-09-03T10:00:00.000Z
STL-NORM-266,PAY-NORM-266,1622,2026-09-03T10:00:00.000Z
STL-NORM-267,PAY-NORM-267,1632,2026-09-03T10:00:00.000Z
STL-NORM-268,PAY-NORM-268,1642,2026-09-03T10:00:00.000Z
STL-NORM-269,PAY-NORM-269,1652,2026-09-03T10:00:00.000Z
STL-NORM-270,PAY-NORM-270,1660,2026-09-03T10:00:00.000Z
STL-NORM-271,PAY-NORM-271,1670,2026-09-03T10:00:00.000Z
STL-NORM-272,PAY-NORM-272,1680,2026-09-03T10:00:00.000Z
STL-NORM-273,PAY-NORM-273,1690,2026-09-03T10:00:00.000Z
STL-NORM-274,PAY-NORM-274,1700,2026-09-03T10:00:00.000Z
STL-NORM-275,PAY-NORM-275,1709,2026-09-03T10:00:00.000Z
STL-NORM-276,PAY-NORM-276,1719,2026-09-03T10:00:00.000Z
STL-NORM-277,PAY-NORM-277,1729,2026-09-03T10:00:00.000Z
STL-NORM-278,PAY-NORM-278,1739,2026-09-03T10:00:00.000Z
STL-NORM-279,PAY-NORM-279,1749,2026-09-03T10:00:00.000Z
STL-NORM-280,PAY-NORM-280,1758,2026-09-03T10:00:00.000Z
STL-NORM-281,PAY-NORM-281,1768,2026-09-03T10:00:00.000Z
STL-NORM-282,PAY-NORM-282,1778,2026-09-03T10:00:00.000Z
STL-NORM-283,PAY-NORM-283,1788,2026-09-03T10:00:00.000Z
STL-NORM-284,PAY-NORM-284,1798,2026-09-03T10:00:00.000Z
STL-NORM-285,PAY-NORM-285,1807,2026-09-03T10:00:00.000Z
STL-NORM-286,PAY-NORM-286,1817,2026-09-03T10:00:00.000Z
STL-NORM-287,PAY-NORM-287,1827,2026-09-03T10:00:00.000Z
STL-NORM-288,PAY-NORM-288,1837,2026-09-03T10:00:00.000Z
STL-NORM-289,PAY-NORM-289,1847,2026-09-03T10:00:00.000Z
STL-NORM-290,PAY-NORM-290,1856,2026-09-03T10:00:00.000Z
STL-NORM-291,PAY-NORM-291,1866,2026-09-03T10:00:00.000Z
STL-NORM-292,PAY-NORM-292,1876,2026-09-03T10:00:00.000Z
STL-NORM-293,PAY-NORM-293,1886,2026-09-03T10:00:00.000Z
STL-NORM-294,PAY-NORM-294,1896,2026-09-03T10:00:00.000Z
STL-NORM-295,PAY-NORM-295,1904,2026-09-03T10:00:00.000Z
STL-NORM-296,PAY-NORM-296,1914,2026-09-03T10:00:00.000Z
STL-NORM-297,PAY-NORM-297,1924,2026-09-03T10:00:00.000Z
STL-NORM-298,PAY-NORM-298,1934,2026-09-03T10:00:00.000Z
STL-NORM-299,PAY-NORM-299,1944,2026-09-03T10:00:00.000Z
STL-NORM-300,PAY-NORM-300,977,2026-09-03T10:00:00.000Z
STL-NORM-301,PAY-NORM-301,987,2026-09-03T10:00:00.000Z
STL-NORM-302,PAY-NORM-302,997,2026-09-03T10:00:00.000Z
STL-NORM-303,PAY-NORM-303,1007,2026-09-03T10:00:00.000Z
STL-NORM-304,PAY-NORM-304,1017,2026-09-03T10:00:00.000Z
STL-NORM-305,PAY-NORM-305,1026,2026-09-03T10:00:00.000Z
STL-NORM-306,PAY-NORM-306,1036,2026-09-03T10:00:00.000Z
STL-NORM-307,PAY-NORM-307,1046,2026-09-03T10:00:00.000Z
STL-NORM-308,PAY-NORM-308,1056,2026-09-03T10:00:00.000Z
STL-NORM-309,PAY-NORM-309,1066,2026-09-03T10:00:00.000Z
STL-NORM-310,PAY-NORM-310,1075,2026-09-03T10:00:00.000Z
STL-NORM-311,PAY-NORM-311,1085,2026-09-03T10:00:00.000Z
STL-NORM-312,PAY-NORM-312,1095,2026-09-03T10:00:00.000Z
STL-NORM-313,PAY-NORM-313,1105,2026-09-03T10:00:00.000Z
STL-NORM-314,PAY-NORM-314,1115,2026-09-03T10:00:00.000Z
STL-NORM-315,PAY-NORM-315,1123,2026-09-03T10:00:00.000Z
STL-NORM-316,PAY-NORM-316,1133,2026-09-03T10:00:00.000Z
STL-NORM-317,PAY-NORM-317,1143,2026-09-03T10:00:00.000Z
STL-NORM-318,PAY-NORM-318,1153,2026-09-03T10:00:00.000Z
STL-NORM-319,PAY-NORM-319,1163,2026-09-03T10:00:00.000Z
STL-NORM-320,PAY-NORM-320,1172,2026-09-03T10:00:00.000Z
STL-NORM-321,PAY-NORM-321,1182,2026-09-03T10:00:00.000Z
STL-NORM-322,PAY-NORM-322,1192,2026-09-03T10:00:00.000Z
STL-NORM-323,PAY-NORM-323,1202,2026-09-03T10:00:00.000Z
STL-NORM-324,PAY-NORM-324,1212,2026-09-03T10:00:00.000Z
STL-NORM-325,PAY-NORM-325,1221,2026-09-03T10:00:00.000Z
STL-NORM-326,PAY-NORM-326,1231,2026-09-03T10:00:00.000Z
STL-NORM-327,PAY-NORM-327,1241,2026-09-03T10:00:00.000Z
STL-NORM-328,PAY-NORM-328,1251,2026-09-03T10:00:00.000Z
STL-NORM-329,PAY-NORM-329,1261,2026-09-03T10:00:00.000Z
STL-NORM-330,PAY-NORM-330,1270,2026-09-03T10:00:00.000Z
STL-NORM-331,PAY-NORM-331,1280,2026-09-03T10:00:00.000Z
STL-NORM-332,PAY-NORM-332,1290,2026-09-03T10:00:00.000Z
STL-NORM-333,PAY-NORM-333,1300,2026-09-03T10:00:00.000Z
STL-NORM-334,PAY-NORM-334,1310,2026-09-03T10:00:00.000Z
STL-NORM-335,PAY-NORM-335,1319,2026-09-03T10:00:00.000Z
STL-NORM-336,PAY-NORM-336,1329,2026-09-03T10:00:00.000Z
STL-NORM-337,PAY-NORM-337,1339,2026-09-03T10:00:00.000Z
STL-NORM-338,PAY-NORM-338,1349,2026-09-03T10:00:00.000Z
STL-NORM-339,PAY-NORM-339,1359,2026-09-03T10:00:00.000Z
STL-NORM-340,PAY-NORM-340,1367,2026-09-03T10:00:00.000Z
STL-NORM-341,PAY-NORM-341,1377,2026-09-03T10:00:00.000Z
STL-NORM-342,PAY-NORM-342,1387,2026-09-03T10:00:00.000Z
STL-NORM-343,PAY-NORM-343,1397,2026-09-03T10:00:00.000Z
STL-NORM-344,PAY-NORM-344,1407,2026-09-03T10:00:00.000Z
STL-NORM-345,PAY-NORM-345,1416,2026-09-03T10:00:00.000Z
STL-NORM-346,PAY-NORM-346,1426,2026-09-03T10:00:00.000Z
STL-NORM-347,PAY-NORM-347,1436,2026-09-03T10:00:00.000Z
STL-NORM-348,PAY-NORM-348,1446,2026-09-03T10:00:00.000Z
STL-NORM-349,PAY-NORM-349,1456,2026-09-03T10:00:00.000Z
STL-NORM-350,PAY-NORM-350,1465,2026-09-03T10:00:00.000Z
STL-NORM-351,PAY-NORM-351,1475,2026-09-03T10:00:00.000Z
STL-NORM-352,PAY-NORM-352,1485,2026-09-03T10:00:00.000Z
STL-NORM-353,PAY-NORM-353,1495,2026-09-03T10:00:00.000Z
STL-NORM-354,PAY-NORM-354,1505,2026-09-03T10:00:00.000Z
STL-NORM-355,PAY-NORM-355,1514,2026-09-03T10:00:00.000Z
STL-NORM-356,PAY-NORM-356,1524,2026-09-03T10:00:00.000Z
STL-NORM-357,PAY-NORM-357,1534,2026-09-03T10:00:00.000Z
STL-NORM-358,PAY-NORM-358,1544,2026-09-03T10:00:00.000Z
STL-NORM-359,PAY-NORM-359,1554,2026-09-03T10:00:00.000Z
STL-NORM-360,PAY-NORM-360,1563,2026-09-03T10:00:00.000Z
STL-NORM-361,PAY-NORM-361,1573,2026-09-03T10:00:00.000Z
STL-NORM-362,PAY-NORM-362,1583,2026-09-03T10:00:00.000Z
STL-NORM-363,PAY-NORM-363,1593,2026-09-03T10:00:00.000Z
STL-NORM-364,PAY-NORM-364,1603,2026-09-03T10:00:00.000Z
STL-NORM-365,PAY-NORM-365,1612,2026-09-03T10:00:00.000Z
STL-NORM-366,PAY-NORM-366,1622,2026-09-03T10:00:00.000Z
STL-NORM-367,PAY-NORM-367,1632,2026-09-03T10:00:00.000Z
STL-NORM-368,PAY-NORM-368,1642,2026-09-03T10:00:00.000Z
STL-NORM-369,PAY-NORM-369,1652,2026-09-03T10:00:00.000Z
STL-NORM-370,PAY-NORM-370,1660,2026-09-03T10:00:00.000Z
STL-NORM-371,PAY-NORM-371,1670,2026-09-03T10:00:00.000Z
STL-NORM-372,PAY-NORM-372,1680,2026-09-03T10:00:00.000Z
STL-NORM-373,PAY-NORM-373,1690,2026-09-03T10:00:00.000Z
STL-NORM-374,PAY-NORM-374,1700,2026-09-03T10:00:00.000Z
STL-NORM-375,PAY-NORM-375,1709,2026-09-03T10:00:00.000Z
STL-NORM-376,PAY-NORM-376,1719,2026-09-03T10:00:00.000Z
STL-NORM-377,PAY-NORM-377,1729,2026-09-03T10:00:00.000Z
STL-NORM-378,PAY-NORM-378,1739,2026-09-03T10:00:00.000Z
STL-NORM-379,PAY-NORM-379,1749,2026-09-03T10:00:00.000Z
STL-NORM-380,PAY-NORM-380,1758,2026-09-03T10:00:00.000Z
STL-NORM-381,PAY-NORM-381,1768,2026-09-03T10:00:00.000Z
STL-NORM-382,PAY-NORM-382,1778,2026-09-03T10:00:00.000Z
STL-NORM-383,PAY-NORM-383,1788,2026-09-03T10:00:00.000Z
STL-NORM-384,PAY-NORM-384,1798,2026-09-03T10:00:00.000Z
STL-NORM-385,PAY-NORM-385,1807,2026-09-03T10:00:00.000Z
STL-NORM-386,PAY-NORM-386,1817,2026-09-03T10:00:00.000Z
STL-NORM-387,PAY-NORM-387,1827,2026-09-03T10:00:00.000Z
STL-NORM-388,PAY-NORM-388,1837,2026-09-03T10:00:00.000Z
STL-NORM-389,PAY-NORM-389,1847,2026-09-03T10:00:00.000Z
STL-NORM-390,PAY-NORM-390,1856,2026-09-03T10:00:00.000Z
STL-NORM-391,PAY-NORM-391,1866,2026-09-03T10:00:00.000Z
STL-NORM-392,PAY-NORM-392,1876,2026-09-03T10:00:00.000Z
STL-NORM-393,PAY-NORM-393,1886,2026-09-03T10:00:00.000Z
STL-NORM-394,PAY-NORM-394,1896,2026-09-03T10:00:00.000Z
STL-NORM-395,PAY-NORM-395,1904,2026-09-03T10:00:00.000Z
STL-NORM-396,PAY-NORM-396,1914,2026-09-03T10:00:00.000Z
STL-NORM-397,PAY-NORM-397,1924,2026-09-03T10:00:00.000Z
STL-NORM-398,PAY-NORM-398,1934,2026-09-03T10:00:00.000Z
STL-NORM-399,PAY-NORM-399,1944,2026-09-03T10:00:00.000Z
STL-NORM-400,PAY-NORM-400,977,2026-09-03T10:00:00.000Z
STL-NORM-401,PAY-NORM-401,987,2026-09-03T10:00:00.000Z
STL-NORM-402,PAY-NORM-402,997,2026-09-03T10:00:00.000Z
STL-NORM-403,PAY-NORM-403,1007,2026-09-03T10:00:00.000Z
STL-NORM-404,PAY-NORM-404,1017,2026-09-03T10:00:00.000Z
STL-NORM-405,PAY-NORM-405,1026,2026-09-03T10:00:00.000Z
STL-NORM-406,PAY-NORM-406,1036,2026-09-03T10:00:00.000Z
STL-NORM-407,PAY-NORM-407,1046,2026-09-03T10:00:00.000Z
STL-NORM-408,PAY-NORM-408,1056,2026-09-03T10:00:00.000Z
STL-NORM-409,PAY-NORM-409,1066,2026-09-03T10:00:00.000Z
STL-NORM-410,PAY-NORM-410,1075,2026-09-03T10:00:00.000Z
STL-NORM-411,PAY-NORM-411,1085,2026-09-03T10:00:00.000Z
STL-NORM-412,PAY-NORM-412,1095,2026-09-03T10:00:00.000Z
STL-NORM-413,PAY-NORM-413,1105,2026-09-03T10:00:00.000Z
STL-NORM-414,PAY-NORM-414,1115,2026-09-03T10:00:00.000Z
STL-NORM-415,PAY-NORM-415,1123,2026-09-03T10:00:00.000Z
STL-NORM-416,PAY-NORM-416,1133,2026-09-03T10:00:00.000Z
STL-NORM-417,PAY-NORM-417,1143,2026-09-03T10:00:00.000Z
STL-NORM-418,PAY-NORM-418,1153,2026-09-03T10:00:00.000Z
STL-NORM-419,PAY-NORM-419,1163,2026-09-03T10:00:00.000Z
STL-NORM-420,PAY-NORM-420,1172,2026-09-03T10:00:00.000Z
STL-NORM-421,PAY-NORM-421,1182,2026-09-03T10:00:00.000Z
STL-NORM-422,PAY-NORM-422,1192,2026-09-03T10:00:00.000Z
STL-NORM-423,PAY-NORM-423,1202,2026-09-03T10:00:00.000Z
STL-NORM-424,PAY-NORM-424,1212,2026-09-03T10:00:00.000Z
STL-NORM-425,PAY-NORM-425,1221,2026-09-03T10:00:00.000Z
STL-NORM-426,PAY-NORM-426,1231,2026-09-03T10:00:00.000Z
STL-NORM-427,PAY-NORM-427,1241,2026-09-03T10:00:00.000Z
STL-NORM-428,PAY-NORM-428,1251,2026-09-03T10:00:00.000Z
STL-NORM-429,PAY-NORM-429,1261,2026-09-03T10:00:00.000Z
STL-NORM-430,PAY-NORM-430,1270,2026-09-03T10:00:00.000Z
STL-NORM-431,PAY-NORM-431,1280,2026-09-03T10:00:00.000Z
STL-NORM-432,PAY-NORM-432,1290,2026-09-03T10:00:00.000Z
STL-NORM-433,PAY-NORM-433,1300,2026-09-03T10:00:00.000Z
STL-NORM-434,PAY-NORM-434,1310,2026-09-03T10:00:00.000Z
STL-NORM-435,PAY-NORM-435,1319,2026-09-03T10:00:00.000Z
STL-NORM-436,PAY-NORM-436,1329,2026-09-03T10:00:00.000Z
STL-NORM-437,PAY-NORM-437,1339,2026-09-03T10:00:00.000Z
STL-NORM-438,PAY-NORM-438,1349,2026-09-03T10:00:00.000Z
STL-NORM-439,PAY-NORM-439,1359,2026-09-03T10:00:00.000Z
STL-NORM-440,PAY-NORM-440,1367,2026-09-03T10:00:00.000Z
STL-NORM-441,PAY-NORM-441,1377,2026-09-03T10:00:00.000Z
STL-NORM-442,PAY-NORM-442,1387,2026-09-03T10:00:00.000Z
STL-NORM-443,PAY-NORM-443,1397,2026-09-03T10:00:00.000Z
STL-NORM-444,PAY-NORM-444,1407,2026-09-03T10:00:00.000Z
STL-NORM-445,PAY-NORM-445,1416,2026-09-03T10:00:00.000Z
STL-NORM-446,PAY-NORM-446,1426,2026-09-03T10:00:00.000Z
STL-NORM-447,PAY-NORM-447,1436,2026-09-03T10:00:00.000Z
STL-NORM-448,PAY-NORM-448,1446,2026-09-03T10:00:00.000Z
STL-NORM-449,PAY-NORM-449,1456,2026-09-03T10:00:00.000Z
STL-NORM-450,PAY-NORM-450,1465,2026-09-03T10:00:00.000Z
STL-NORM-451,PAY-NORM-451,1475,2026-09-03T10:00:00.000Z
STL-NORM-452,PAY-NORM-452,1485,2026-09-03T10:00:00.000Z
STL-NORM-453,PAY-NORM-453,1495,2026-09-03T10:00:00.000Z
STL-NORM-454,PAY-NORM-454,1505,2026-09-03T10:00:00.000Z
STL-NORM-455,PAY-NORM-455,1514,2026-09-03T10:00:00.000Z
STL-NORM-456,PAY-NORM-456,1524,2026-09-03T10:00:00.000Z
STL-NORM-457,PAY-NORM-457,1534,2026-09-03T10:00:00.000Z
STL-NORM-458,PAY-NORM-458,1544,2026-09-03T10:00:00.000Z
STL-NORM-459,PAY-NORM-459,1554,2026-09-03T10:00:00.000Z
STL-NORM-460,PAY-NORM-460,1563,2026-09-03T10:00:00.000Z
STL-NORM-461,PAY-NORM-461,1573,2026-09-03T10:00:00.000Z
STL-NORM-462,PAY-NORM-462,1583,2026-09-03T10:00:00.000Z
STL-NORM-463,PAY-NORM-463,1593,2026-09-03T10:00:00.000Z
STL-NORM-464,PAY-NORM-464,1603,2026-09-03T10:00:00.000Z
STL-NORM-465,PAY-NORM-465,1612,2026-09-03T10:00:00.000Z
STL-NORM-466,PAY-NORM-466,1622,2026-09-03T10:00:00.000Z
STL-NORM-467,PAY-NORM-467,1632,2026-09-03T10:00:00.000Z
STL-NORM-468,PAY-NORM-468,1642,2026-09-03T10:00:00.000Z
STL-NORM-469,PAY-NORM-469,1652,2026-09-03T10:00:00.000Z
STL-NORM-470,PAY-NORM-470,1660,2026-09-03T10:00:00.000Z
STL-NORM-471,PAY-NORM-471,1670,2026-09-03T10:00:00.000Z
STL-NORM-472,PAY-NORM-472,1680,2026-09-03T10:00:00.000Z
STL-NORM-473,PAY-NORM-473,1690,2026-09-03T10:00:00.000Z
STL-NORM-474,PAY-NORM-474,1700,2026-09-03T10:00:00.000Z
STL-NORM-475,PAY-NORM-475,1709,2026-09-03T10:00:00.000Z
STL-NORM-476,PAY-NORM-476,1719,2026-09-03T10:00:00.000Z
STL-NORM-477,PAY-NORM-477,1729,2026-09-03T10:00:00.000Z
STL-NORM-478,PAY-NORM-478,1739,2026-09-03T10:00:00.000Z
STL-NORM-479,PAY-NORM-479,1749,2026-09-03T10:00:00.000Z
STL-NORM-480,PAY-NORM-480,1758,2026-09-03T10:00:00.000Z
STL-NORM-481,PAY-NORM-481,1768,2026-09-03T10:00:00.000Z
STL-NORM-482,PAY-NORM-482,1778,2026-09-03T10:00:00.000Z
STL-NORM-483,PAY-NORM-483,1788,2026-09-03T10:00:00.000Z
STL-NORM-484,PAY-NORM-484,1798,2026-09-03T10:00:00.000Z
STL-NORM-485,PAY-NORM-485,1807,2026-09-03T10:00:00.000Z
STL-NORM-486,PAY-NORM-486,1817,2026-09-03T10:00:00.000Z
STL-NORM-487,PAY-NORM-487,1827,2026-09-03T10:00:00.000Z
STL-NORM-488,PAY-NORM-488,1837,2026-09-03T10:00:00.000Z
STL-NORM-489,PAY-NORM-489,1847,2026-09-03T10:00:00.000Z
STL-NORM-490,PAY-NORM-490,1856,2026-09-03T10:00:00.000Z
STL-NORM-491,PAY-NORM-491,1866,2026-09-03T10:00:00.000Z
STL-NORM-492,PAY-NORM-492,1876,2026-09-03T10:00:00.000Z
STL-NORM-493,PAY-NORM-493,1886,2026-09-03T10:00:00.000Z
STL-NORM-494,PAY-NORM-494,1896,2026-09-03T10:00:00.000Z
STL-NORM-495,PAY-NORM-495,1904,2026-09-03T10:00:00.000Z
STL-NORM-496,PAY-NORM-496,1914,2026-09-03T10:00:00.000Z
STL-NORM-497,PAY-NORM-497,1924,2026-09-03T10:00:00.000Z
STL-NORM-498,PAY-NORM-498,1934,2026-09-03T10:00:00.000Z
STL-NORM-499,PAY-NORM-499,1944,2026-09-03T10:00:00.000Z
STL-NORM-500,PAY-NORM-500,977,2026-09-03T10:00:00.000Z
STL-DUP,PAY-DUP-1,7323,2026-09-03T10:00:00.000Z
STL-FEE,PAY-FEE,2800,2026-09-03T10:00:00.000Z
STL-NOBANK,PAY-NOBANK,4101,2026-09-03T10:00:00.000Z